Workbook
Name OLE_LINK1: 'Propylene Asia'!$B$2
Name OLE_LINK1: 'Propylene EU and US'!$C$2
Name OLE_LINK2: 'Propylene Asia'!$C$2
Name OLE_LINK2: 'Propylene EU and US'!$D$2
Name OLE_LINK3: 'Propylene EU and US'!$C$14
Name OLE_LINK4: 'Propylene EU and US'!$E$14
Name SM_Europe: 'Propylene EU and US'!$A$11

Sheet Гадская табличка
B3: CONTRACT PRICE
C4: Delivery term | E4: ='Propylene EU and US'!C9 -> Jun | F4: ='Propylene EU and US'!D9 -> May | G4: change
B5: Propylene | C5: FD NW Europe | D5: €/t | E5: ='Propylene EU and US'!C10 -> 1555 | F5: ='Propylene EU and US'!D10 -> 1585 | G5: ='Propylene EU and US'!F10 -> -0.018927445
B6: SPOT PRICES
C7: Delivery term
B8: Feedstock | E8: ='Propylene EU and US'!C12 -> June 4 | F8: ='Propylene EU and US'!D12 -> May 28 | G8: change
B9: Propane | C9: CIF ARA | D9: $/t | E9: ='Propylene EU and US'!OLE_LINK3 -> 618 | F9: ='Propylene EU and US'!D14 -> 585 | G9: ='Propylene EU and US'!F14 -> 0.056410256
B10: Butane | C10: CIF ARA | D10: $/t | E10: ='Propylene EU and US'!C15 -> 655 | F10: ='Propylene EU and US'!D15 -> 658 | G10: ='Propylene EU and US'!F15 -> ≈
B11: Naphtha | C11: CIF ARA | D11: $/t | E11: ='Propylene EU and US'!C16 -> 750 | F11: ='Propylene EU and US'!D16 -> 751.75 | G11: ='Propylene EU and US'!F16 -> ≈
B12: Naphtha | C12: CFR Japan | D12: $/t | E12: ='Propylene Asia'!B31 -> 808 | F12: ='Propylene Asia'!C31 -> 835 | G12: ='Propylene Asia'!E31 -> -0.032335329
B13: Propylene
B14: PGP | C14: CIF NW Europe | D14: €/t | E14: ='Propylene EU and US'!C18 -> 1322 | F14: ='Propylene EU and US'!D18 -> 1420 | G14: ='Propylene EU and US'!F18 -> -0.069014085
B15: PGP | C15: FD NW Europe | D15: €/t | E15: ='Propylene EU and US'!C20 -> 1322 | F15: ='Propylene EU and US'!D20 -> 1427 | G15: ='Propylene EU and US'!F20 -> -0.073580939
B16: CGP | C16: CIF NW Europe | D16: €/t | E16: ='Propylene EU and US'!C19 -> 1283 | F16: ='Propylene EU and US'!D19 -> 1347 | G16: ='Propylene EU and US'!F19 -> -0.047512992
B17: PGP | C17: CFR China | D17: $/t | E17: ='Propylene Asia'!B33 -> 1150 | F17: ='Propylene Asia'!C33 -> 1210 | G17: ='Propylene Asia'!E33 -> -0.049586777
B18: PGP | C18: FOB Korea | D18: $/t | E18: ='Propylene Asia'!B34 -> 1130 | F18: ='Propylene Asia'!C34 -> 1200 | G18: ='Propylene Asia'!E34 -> -0.058333333 | J18: ≈
B19: Downstream
B20: PP homo | C20: FD NW Europe | D20: €/t | E20: ='Propylene EU and US'!C22 -> 1,650—1,900 | F20: ='Propylene EU and US'!D22 -> 1,650—1,900 | G20: ='Propylene EU and US'!F22 -> =
B21: PP block copolymer | C21: FD NW Europe | D21: €/t | E21: ='Propylene EU and US'!C23 -> 1,750—1,950 | F21: ='Propylene EU and US'!D23 -> 1,750—1,950 | G21: ='Propylene EU and US'!F23 -> =
B22: Phenol | C22: FOB Rotterdam | D22: $/t | E22: ='Propylene EU and US'!C24 -> 1406 | F22: ='Propylene EU and US'!D24 -> 1410 | G22: ='Propylene EU and US'!F24 -> ≈
B23: Acetone FOB | C23: FOB Rotterdam | D23: $/t | E23: ='Propylene EU and US'!C25 -> 1373 | F23: ='Propylene EU and US'!D25 -> 1441 | G23: ='Propylene EU and US'!F25 -> -0.047189452
B24: PP homo | C24: CFR China | D24: $/t | E24: ='Propylene Asia'!B36 -> 1,200—1,250 | F24: ='Propylene Asia'!C36 -> 1,210—1,280 | G24: ='Propylene Asia'!E36 -> -0.016064257
B25: PP block copolymer | C25: CFR China | D25: $/t | E25: ='Propylene Asia'!B37 -> 1,220—1,270 | F25: ='Propylene Asia'!C37 -> 1,250—1,300 | G25: ='Propylene Asia'!E37 -> -0.023529412
B26: Phenol CFR China | C26: CFR China | D26: $/t | E26: ='Propylene Asia'!B38 -> 990 | F26: ='Propylene Asia'!C38 -> 1000 | G26: ='Propylene Asia'!E38 -> -0.01
B27: Acetone CFR China | C27: CFR China | D27: $/t | E27: ='Propylene Asia'!B39 -> 910 | F27: ='Propylene Asia'!C39 -> 930 | G27: ='Propylene Asia'!E39 -> -0.021505376
B28: ChemCourier
B29: *estimated
B30: ** - prices as of 24 August
B31: ** - prices for 9 February due to Lunar New Year
B32: *** - prices for 10 February due to Lunar New Year

Sheet Title page
A1: PROPYLENE SPOT PRICES, $/t | F1: ШАБЛОН
A2: CIF NWE* | C2: CFR NE Asia | F2: YYY 77 | G2: YYY = | H2: YYY 77
A3: 1,537 114 | C3: 1,150 60
A4: ='Propylene EU and US'!L18 -> 1322 | C4: ='Propylene Asia'!K33 -> 1150
A5: ='Propylene EU and US'!L18-'Propylene EU and US'!Q18 -> -98 | C5: ='Propylene Asia'!K33-'Propylene Asia'!P33 -> -60 | F5: 834 5
A6: не смотри, это в евро, а нужны доллары | F6: 825 5
A11: PROPYLENE CONTRACT PRICE, €/t | F11: ШАБЛОН
A12: June | B12: FD NWE | C12: May | F12: YYY 77 | G12: 845 = | H12: YYY 77
A13: 1555 | B13:  30 | C13: 1585
A14: ='Propylene EU and US'!L10 -> 1555 | B14: =A14-C14 -> -30 | C14: ='Propylene EU and US'!Q10 -> 1585
A18: ='Propylene EU and US'!L32 -> 0
A20: 988
B22: 757
A24: 1537
A25: =A24-1651 -> -114
A27: =A24-A25 -> 1651

Sheet Propylene EU and US
H1: 2026 | I1: 2026
C2: June 4 | D2: May 28 | E2: change | U2: =ADDRESS(2,MATCH(H$1,Database!$D$1:$XFD$1,0)+3,4,,"Database") -> Database!JT2 | V2: =ADDRESS(2,MATCH(I$1,Database!$D$1:$XFD$1,0)+3,4,,"Database") -> Database!JT2
U3: =ADDRESS(50,MATCH(H$1,Database!$D$1:$XFD$1,1)+3,4,,"Database") -> Database!KR50 | V3: =ADDRESS(50,MATCH(I$1,Database!$D$1:$XFD$1,1)+3,4,,"Database") -> Database!KR50
D5: =HLOOKUP(D9,INDIRECT($V$5):INDIRECT($V$6),2,FALSE) -> 1585 | U5: =ADDRESS(2,MATCH($H$1,calc_MCP!$D$1:$XFD$1,0)+3,4,,"calc_MCP") -> calc_MCP!JA2 | V5: =ADDRESS(2,MATCH(I$1,calc_MCP!$D$1:$XFD$1,0)+3,4,,"calc_MCP") -> calc_MCP!JA2
U6: =ADDRESS(10,MATCH(H$1,calc_MCP!$D$1:$XFD$1,1)+3,4,,"calc_MCP") -> calc_MCP!XEK10 | V6: =ADDRESS(10,MATCH(I$1,calc_MCP!$D$1:$XFD$1,1)+3,4,,"calc_MCP") -> calc_MCP!XEK10
A8: CONTRACT PRICES
C9: Jun | D9: May | F9: change
A10: Propylene FD NWE | B10: €/t | C10: =HLOOKUP(C9,INDIRECT($U$5):INDIRECT($U$6),2,FALSE) -> 1555 | D10: =HLOOKUP(D9,INDIRECT($V$5):INDIRECT($V$6),2,FALSE) -> 1585 | E10: =IF(OR(F10="=",F10="≈",F10="—"),"",IF(F10>0,"",IF(F10<0,"",""))) ->  | F10: =S10 -> -0.018927445 | I10: =IFERROR(FIND("—",SUBSTITUTE(C10,"*","")),0) -> 0 | J10: =IF(I10=0,VALUE(SUBSTITUTE(C10,"*","")),VALUE(LEFT(SUBSTITUTE(C10,"*",""),I10-1))) -> 1555 | K10: =IF(I10=0,VALUE(SUBSTITUTE(C10,"*","")),VALUE(RIGHT(SUBSTITUTE(C10,"*",""),LEN(SUBSTITUTE(C10,"*",""))-I10))) -> 1555 | L10: =AVERAGE(J10:K10) -> 1555 | N10: =IFERROR(FIND("—",SUBSTITUTE(D10,"*","")),0) -> 0 | O10: =IF(N10=0,VALUE(SUBSTITUTE(D10,"*","")),VALUE(LEFT(SUBSTITUTE(D10,"*",""),N10-1))) -> 1585 | P10: =IF(N10=0,VALUE(SUBSTITUTE(D10,"*","")),VALUE(RIGHT(SUBSTITUTE(D10,"*",""),LEN(SUBSTITUTE(D10,"*",""))-N10))) -> 1585 | Q10: =AVERAGE(O10:P10) -> 1585 | S10: =IFERROR(IF(L10/Q10-1=0,"=",IF(OR(AND(L10/Q10-1<0.005,L10/Q10-1>0), AND(L10/Q10-1<0,L10/Q10-1>-0.005)),"≈",L10/Q10-1)),"—") -> -0.018927445
A11: SPOT PRICES
C12: =OLE_LINK1 -> June 4 | D12: =OLE_LINK2 -> May 28 | F12: change
A13: Upstream
A14: Propane CIF ARA | B14: $/t | C14: =HLOOKUP(OLE_LINK1,INDIRECT($U$2):INDIRECT($U$3),11,FALSE) -> 618 | D14: =HLOOKUP(OLE_LINK2,INDIRECT($V$2):INDIRECT($V$3),11,FALSE) -> 585 | E14: =IF(OR(F14="=",F14="≈",F14="—"),"",IF(F14>0,"",IF(F14<0,"",""))) ->  | F14: =S14 -> 0.056410256 | I14: =IFERROR(FIND("—",SUBSTITUTE(C14,"*","")),0) -> 0 | J14: =IF(I14=0,VALUE(SUBSTITUTE(C14,"*","")),VALUE(LEFT(SUBSTITUTE(C14,"*",""),I14-1))) -> 618 | K14: =IF(I14=0,VALUE(SUBSTITUTE(C14,"*","")),VALUE(RIGHT(SUBSTITUTE(C14,"*",""),LEN(SUBSTITUTE(C14,"*",""))-I14))) -> 618 | L14: =AVERAGE(J14:K14) -> 618 | N14: =IFERROR(FIND("—",SUBSTITUTE(D14,"*","")),0) -> 0 | O14: =IF(N14=0,VALUE(SUBSTITUTE(D14,"*","")),VALUE(LEFT(SUBSTITUTE(D14,"*",""),N14-1))) -> 585 | P14: =IF(N14=0,VALUE(SUBSTITUTE(D14,"*","")),VALUE(RIGHT(SUBSTITUTE(D14,"*",""),LEN(SUBSTITUTE(D14,"*",""))-N14))) -> 585 | Q14: =AVERAGE(O14:P14) -> 585 | S14: =IFERROR(IF(L14/Q14-1=0,"=",IF(OR(AND(L14/Q14-1<0.005,L14/Q14-1>0), AND(L14/Q14-1<0,L14/Q14-1>-0.005)),"≈",L14/Q14-1)),"—") -> 0.056410256
A15: Butane CIF ARA | B15: $/t | C15: =HLOOKUP(OLE_LINK1,INDIRECT($U$2):INDIRECT($U$3),12,FALSE) -> 655 | D15: =HLOOKUP(OLE_LINK2,INDIRECT($V$2):INDIRECT($V$3),12,FALSE) -> 658 | E15: =IF(OR(F15="=",F15="≈",F15="—"),"",IF(F15>0,"",IF(F15<0,"",""))) | F15: =S15 -> ≈ | I15: =IFERROR(FIND("—",SUBSTITUTE(C15,"*","")),0) -> 0 | J15: =IF(I15=0,VALUE(SUBSTITUTE(C15,"*","")),VALUE(LEFT(SUBSTITUTE(C15,"*",""),I15-1))) -> 655 | K15: =IF(I15=0,VALUE(SUBSTITUTE(C15,"*","")),VALUE(RIGHT(SUBSTITUTE(C15,"*",""),LEN(SUBSTITUTE(C15,"*",""))-I15))) -> 655 | L15: =AVERAGE(J15:K15) -> 655 | N15: =IFERROR(FIND("—",SUBSTITUTE(D15,"*","")),0) -> 0 | O15: =IF(N15=0,VALUE(SUBSTITUTE(D15,"*","")),VALUE(LEFT(SUBSTITUTE(D15,"*",""),N15-1))) -> 658 | P15: =IF(N15=0,VALUE(SUBSTITUTE(D15,"*","")),VALUE(RIGHT(SUBSTITUTE(D15,"*",""),LEN(SUBSTITUTE(D15,"*",""))-N15))) -> 658 | Q15: =AVERAGE(O15:P15) -> 658 | S15: =IFERROR(IF(L15/Q15-1=0,"=",IF(OR(AND(L15/Q15-1<0.005,L15/Q15-1>0), AND(L15/Q15-1<0,L15/Q15-1>-0.005)),"≈",L15/Q15-1)),"—") -> ≈
A16: Naphtha CIF ARA | B16: $/t | C16: =HLOOKUP(OLE_LINK1,INDIRECT($U$2):INDIRECT($U$3),7,FALSE) -> 750 | D16: =HLOOKUP(OLE_LINK2,INDIRECT($V$2):INDIRECT($V$3),7,FALSE) -> 751.75 | E16: =IF(OR(F16="=",F16="≈",F16="—"),"",IF(F16>0,"",IF(F16<0,"",""))) | F16: =S16 -> ≈ | I16: =IFERROR(FIND("—",SUBSTITUTE(C16,"*","")),0) -> 0 | J16: =IF(I16=0,VALUE(SUBSTITUTE(C16,"*","")),VALUE(LEFT(SUBSTITUTE(C16,"*",""),I16-1))) -> 750 | K16: =IF(I16=0,VALUE(SUBSTITUTE(C16,"*","")),VALUE(RIGHT(SUBSTITUTE(C16,"*",""),LEN(SUBSTITUTE(C16,"*",""))-I16))) -> 750 | L16: =AVERAGE(J16:K16) -> 750 | N16: =IFERROR(FIND("—",SUBSTITUTE(D16,"*","")),0) -> 0 | O16: =IF(N16=0,VALUE(SUBSTITUTE(D16,"*","")),VALUE(LEFT(SUBSTITUTE(D16,"*",""),N16-1))) -> 751.75 | P16: =IF(N16=0,VALUE(SUBSTITUTE(D16,"*","")),VALUE(RIGHT(SUBSTITUTE(D16,"*",""),LEN(SUBSTITUTE(D16,"*",""))-N16))) -> 751.75 | Q16: =AVERAGE(O16:P16) -> 751.75 | S16: =IFERROR(IF(L16/Q16-1=0,"=",IF(OR(AND(L16/Q16-1<0.005,L16/Q16-1>0), AND(L16/Q16-1<0,L16/Q16-1>-0.005)),"≈",L16/Q16-1)),"—") -> ≈
A17: C3
A18: Propylene (PG) CIF NWE | B18: €/t | C18: =HLOOKUP(OLE_LINK1,INDIRECT($U$2):INDIRECT($U$3),6,FALSE) -> 1322 | D18: =HLOOKUP(OLE_LINK2,INDIRECT($V$2):INDIRECT($V$3),6,FALSE) -> 1420 | E18: =IF(OR(F18="=",F18="≈",F18="—"),"",IF(F18>0,"",IF(F18<0,"",""))) ->  | F18: =S18 -> -0.069014085 | I18: =IFERROR(FIND("—",SUBSTITUTE(C18,"*","")),0) -> 0 | J18: =IF(I18=0,VALUE(SUBSTITUTE(C18,"*","")),VALUE(LEFT(SUBSTITUTE(C18,"*",""),I18-1))) -> 1322 | K18: =IF(I18=0,VALUE(SUBSTITUTE(C18,"*","")),VALUE(RIGHT(SUBSTITUTE(C18,"*",""),LEN(SUBSTITUTE(C18,"*",""))-I18))) -> 1322 | L18: =AVERAGE(J18:K18) -> 1322 | N18: =IFERROR(FIND("—",SUBSTITUTE(D18,"*","")),0) -> 0 | O18: =IF(N18=0,VALUE(SUBSTITUTE(D18,"*","")),VALUE(LEFT(SUBSTITUTE(D18,"*",""),N18-1))) -> 1420 | P18: =IF(N18=0,VALUE(SUBSTITUTE(D18,"*","")),VALUE(RIGHT(SUBSTITUTE(D18,"*",""),LEN(SUBSTITUTE(D18,"*",""))-N18))) -> 1420 | Q18: =AVERAGE(O18:P18) -> 1420 | S18: =IFERROR(IF(L18/Q18-1=0,"=",IF(OR(AND(L18/Q18-1<0.005,L18/Q18-1>0), AND(L18/Q18-1<0,L18/Q18-1>-0.005)),"≈",L18/Q18-1)),"—") -> -0.069014085
A19: Propylene (CG) CIF NWE | B19: €/t | C19: =HLOOKUP(OLE_LINK1,INDIRECT($U$2):INDIRECT($U$3),5,FALSE) -> 1283 | D19: =HLOOKUP(OLE_LINK2,INDIRECT($V$2):INDIRECT($V$3),5,FALSE) -> 1347 | E19: =IF(OR(F19="=",F19="≈",F19="—"),"",IF(F19>0,"",IF(F19<0,"",""))) ->  | F19: =S19 -> -0.047512992 | I19: =IFERROR(FIND("—",SUBSTITUTE(C19,"*","")),0) -> 0 | J19: =IF(I19=0,VALUE(SUBSTITUTE(C19,"*","")),VALUE(LEFT(SUBSTITUTE(C19,"*",""),I19-1))) -> 1283 | K19: =IF(I19=0,VALUE(SUBSTITUTE(C19,"*","")),VALUE(RIGHT(SUBSTITUTE(C19,"*",""),LEN(SUBSTITUTE(C19,"*",""))-I19))) -> 1283 | L19: =AVERAGE(J19:K19) -> 1283 | N19: =IFERROR(FIND("—",SUBSTITUTE(D19,"*","")),0) -> 0 | O19: =IF(N19=0,VALUE(SUBSTITUTE(D19,"*","")),VALUE(LEFT(SUBSTITUTE(D19,"*",""),N19-1))) -> 1347 | P19: =IF(N19=0,VALUE(SUBSTITUTE(D19,"*","")),VALUE(RIGHT(SUBSTITUTE(D19,"*",""),LEN(SUBSTITUTE(D19,"*",""))-N19))) -> 1347 | Q19: =AVERAGE(O19:P19) -> 1347 | S19: =IFERROR(IF(L19/Q19-1=0,"=",IF(OR(AND(L19/Q19-1<0.005,L19/Q19-1>0), AND(L19/Q19-1<0,L19/Q19-1>-0.005)),"≈",L19/Q19-1)),"—") -> -0.047512992
A20: Propylene (PG) FD NWE | B20: €/t | C20: =HLOOKUP(OLE_LINK1,INDIRECT($U$2):INDIRECT($U$3),9,FALSE) -> 1322 | D20: =HLOOKUP(OLE_LINK2,INDIRECT($V$2):INDIRECT($V$3),9,FALSE) -> 1427 | E20: =IF(OR(F20="=",F20="≈",F20="—"),"",IF(F20>0,"",IF(F20<0,"",""))) ->  | F20: =S20 -> -0.073580939 | I20: =IFERROR(FIND("—",SUBSTITUTE(C20,"*","")),0) -> 0 | J20: =IF(I20=0,VALUE(SUBSTITUTE(C20,"*","")),VALUE(LEFT(SUBSTITUTE(C20,"*",""),I20-1))) -> 1322 | K20: =IF(I20=0,VALUE(SUBSTITUTE(C20,"*","")),VALUE(RIGHT(SUBSTITUTE(C20,"*",""),LEN(SUBSTITUTE(C20,"*",""))-I20))) -> 1322 | L20: =AVERAGE(J20:K20) -> 1322 | N20: =IFERROR(FIND("—",SUBSTITUTE(D20,"*","")),0) -> 0 | O20: =IF(N20=0,VALUE(SUBSTITUTE(D20,"*","")),VALUE(LEFT(SUBSTITUTE(D20,"*",""),N20-1))) -> 1427 | P20: =IF(N20=0,VALUE(SUBSTITUTE(D20,"*","")),VALUE(RIGHT(SUBSTITUTE(D20,"*",""),LEN(SUBSTITUTE(D20,"*",""))-N20))) -> 1427 | Q20: =AVERAGE(O20:P20) -> 1427 | S20: =IFERROR(IF(L20/Q20-1=0,"=",IF(OR(AND(L20/Q20-1<0.005,L20/Q20-1>0), AND(L20/Q20-1<0,L20/Q20-1>-0.005)),"≈",L20/Q20-1)),"—") -> -0.073580939
A21: Downstream
A22: PP homo FD NWE | B22: €/t | C22: =HLOOKUP(OLE_LINK1,INDIRECT($U$2):INDIRECT($U$3),13,FALSE) -> 1,650—1,900 | D22: =HLOOKUP(OLE_LINK2,INDIRECT($V$2):INDIRECT($V$3),13,FALSE) -> 1,650—1,900 | E22: =IF(OR(F22="=",F22="≈",F22="—"),"",IF(F22>0,"",IF(F22<0,"",""))) | F22: =S22 -> = | I22: =IFERROR(FIND("—",SUBSTITUTE(C22,"*","")),0) -> 6 | J22: =IF(I22=0,VALUE(SUBSTITUTE(C22,"*","")),VALUE(LEFT(SUBSTITUTE(C22,"*",""),I22-1))) -> 1650 | K22: =IF(I22=0,VALUE(SUBSTITUTE(C22,"*","")),VALUE(RIGHT(SUBSTITUTE(C22,"*",""),LEN(SUBSTITUTE(C22,"*",""))-I22))) -> 1900 | L22: =AVERAGE(J22:K22) -> 1775 | N22: =IFERROR(FIND("—",SUBSTITUTE(D22,"*","")),0) -> 6 | O22: =IF(N22=0,VALUE(SUBSTITUTE(D22,"*","")),VALUE(LEFT(SUBSTITUTE(D22,"*",""),N22-1))) -> 1650 | P22: =IF(N22=0,VALUE(SUBSTITUTE(D22,"*","")),VALUE(RIGHT(SUBSTITUTE(D22,"*",""),LEN(SUBSTITUTE(D22,"*",""))-N22))) -> 1900 | Q22: =AVERAGE(O22:P22) -> 1775 | S22: =IFERROR(IF(L22/Q22-1=0,"=",IF(OR(AND(L22/Q22-1<0.005,L22/Q22-1>0), AND(L22/Q22-1<0,L22/Q22-1>-0.005)),"≈",L22/Q22-1)),"—") -> =
A23: PP block copolymer FD NWE | B23: €/t | C23: =HLOOKUP(OLE_LINK1,INDIRECT($U$2):INDIRECT($U$3),14,FALSE) -> 1,750—1,950 | D23: =HLOOKUP(OLE_LINK2,INDIRECT($V$2):INDIRECT($V$3),14,FALSE) -> 1,750—1,950 | E23: =IF(OR(F23="=",F23="≈",F23="—"),"",IF(F23>0,"",IF(F23<0,"",""))) | F23: =S23 -> = | I23: =IFERROR(FIND("—",SUBSTITUTE(C23,"*","")),0) -> 6 | J23: =IF(I23=0,VALUE(SUBSTITUTE(C23,"*","")),VALUE(LEFT(SUBSTITUTE(C23,"*",""),I23-1))) -> 1750 | K23: =IF(I23=0,VALUE(SUBSTITUTE(C23,"*","")),VALUE(RIGHT(SUBSTITUTE(C23,"*",""),LEN(SUBSTITUTE(C23,"*",""))-I23))) -> 1950 | L23: =AVERAGE(J23:K23) -> 1850 | N23: =IFERROR(FIND("—",SUBSTITUTE(D23,"*","")),0) -> 6 | O23: =IF(N23=0,VALUE(SUBSTITUTE(D23,"*","")),VALUE(LEFT(SUBSTITUTE(D23,"*",""),N23-1))) -> 1750 | P23: =IF(N23=0,VALUE(SUBSTITUTE(D23,"*","")),VALUE(RIGHT(SUBSTITUTE(D23,"*",""),LEN(SUBSTITUTE(D23,"*",""))-N23))) -> 1950 | Q23: =AVERAGE(O23:P23) -> 1850 | S23: =IFERROR(IF(L23/Q23-1=0,"=",IF(OR(AND(L23/Q23-1<0.005,L23/Q23-1>0), AND(L23/Q23-1<0,L23/Q23-1>-0.005)),"≈",L23/Q23-1)),"—") -> =
A24: Phenol FOB Rotterdam | B24: $/t | C24: =HLOOKUP(OLE_LINK1,INDIRECT($U$2):INDIRECT($U$3),10,FALSE) -> 1406 | D24: =HLOOKUP(OLE_LINK2,INDIRECT($V$2):INDIRECT($V$3),10,FALSE) -> 1410 | E24: =IF(OR(F24="=",F24="≈",F24="—"),"",IF(F24>0,"",IF(F24<0,"",""))) | F24: =S24 -> ≈ | I24: =IFERROR(FIND("—",SUBSTITUTE(C24,"*","")),0) -> 0 | J24: =IF(I24=0,VALUE(SUBSTITUTE(C24,"*","")),VALUE(LEFT(SUBSTITUTE(C24,"*",""),I24-1))) -> 1406 | K24: =IF(I24=0,VALUE(SUBSTITUTE(C24,"*","")),VALUE(RIGHT(SUBSTITUTE(C24,"*",""),LEN(SUBSTITUTE(C24,"*",""))-I24))) -> 1406 | L24: =AVERAGE(J24:K24) -> 1406 | N24: =IFERROR(FIND("—",SUBSTITUTE(D24,"*","")),0) -> 0 | O24: =IF(N24=0,VALUE(SUBSTITUTE(D24,"*","")),VALUE(LEFT(SUBSTITUTE(D24,"*",""),N24-1))) -> 1410 | P24: =IF(N24=0,VALUE(SUBSTITUTE(D24,"*","")),VALUE(RIGHT(SUBSTITUTE(D24,"*",""),LEN(SUBSTITUTE(D24,"*",""))-N24))) -> 1410 | Q24: =AVERAGE(O24:P24) -> 1410 | S24: =IFERROR(IF(L24/Q24-1=0,"=",IF(OR(AND(L24/Q24-1<0.005,L24/Q24-1>0), AND(L24/Q24-1<0,L24/Q24-1>-0.005)),"≈",L24/Q24-1)),"—") -> ≈
A25: Acetone FOB Rotterdam | B25: $/t | C25: =HLOOKUP(OLE_LINK1,INDIRECT($U$2):INDIRECT($U$3),15,FALSE) -> 1373 | D25: =HLOOKUP(OLE_LINK2,INDIRECT($V$2):INDIRECT($V$3),15,FALSE) -> 1441 | E25: =IF(OR(F25="=",F25="≈",F25="—"),"",IF(F25>0,"",IF(F25<0,"",""))) ->  | F25: =S25 -> -0.047189452 | I25: =IFERROR(FIND("—",SUBSTITUTE(C25,"*","")),0) -> 0 | J25: =IF(I25=0,VALUE(SUBSTITUTE(C25,"*","")),VALUE(LEFT(SUBSTITUTE(C25,"*",""),I25-1))) -> 1373 | K25: =IF(I25=0,VALUE(SUBSTITUTE(C25,"*","")),VALUE(RIGHT(SUBSTITUTE(C25,"*",""),LEN(SUBSTITUTE(C25,"*",""))-I25))) -> 1373 | L25: =AVERAGE(J25:K25) -> 1373 | N25: =IFERROR(FIND("—",SUBSTITUTE(D25,"*","")),0) -> 0 | O25: =IF(N25=0,VALUE(SUBSTITUTE(D25,"*","")),VALUE(LEFT(SUBSTITUTE(D25,"*",""),N25-1))) -> 1441 | P25: =IF(N25=0,VALUE(SUBSTITUTE(D25,"*","")),VALUE(RIGHT(SUBSTITUTE(D25,"*",""),LEN(SUBSTITUTE(D25,"*",""))-N25))) -> 1441 | Q25: =AVERAGE(O25:P25) -> 1441 | S25: =IFERROR(IF(L25/Q25-1=0,"=",IF(OR(AND(L25/Q25-1<0.005,L25/Q25-1>0), AND(L25/Q25-1<0,L25/Q25-1>-0.005)),"≈",L25/Q25-1)),"—") -> -0.047189452
A28: CONTRACT PRICE
C29: Aug | D29: Jul | E29: change
A30: FOB US | B30: ¢/lb | C30: =HLOOKUP(C29,INDIRECT($U$5):INDIRECT($U$6),3,FALSE) -> #N/A | D30: =HLOOKUP(D29,INDIRECT($V$5):INDIRECT($V$6),3,FALSE) -> #N/A | E30: =IF(OR(F30="=",F30="≈",F30="—"),"",IF(F30>0,"",IF(F30<0,"",""))) | F30: =S30 -> — | I30: =IFERROR(FIND("—",SUBSTITUTE(C30,"*","")),0) -> 0 | J30: =IF(I30=0,VALUE(SUBSTITUTE(C30,"*","")),VALUE(LEFT(SUBSTITUTE(C30,"*",""),I30-1))) -> #N/A | K30: =IF(I30=0,VALUE(SUBSTITUTE(C30,"*","")),VALUE(RIGHT(SUBSTITUTE(C30,"*",""),LEN(SUBSTITUTE(C30,"*",""))-I30))) -> #N/A | L30: =AVERAGE(J30:K30) -> #N/A | N30: =IFERROR(FIND("—",SUBSTITUTE(D30,"*","")),0) -> 0 | O30: =IF(N30=0,VALUE(SUBSTITUTE(D30,"*","")),VALUE(LEFT(SUBSTITUTE(D30,"*",""),N30-1))) -> #N/A | P30: =IF(N30=0,VALUE(SUBSTITUTE(D30,"*","")),VALUE(RIGHT(SUBSTITUTE(D30,"*",""),LEN(SUBSTITUTE(D30,"*",""))-N30))) -> #N/A | Q30: =AVERAGE(O30:P30) -> #N/A | S30: =IFERROR(IF(L30/Q30-1=0,"=",IF(OR(AND(L30/Q30-1<0.005,L30/Q30-1>0), AND(L30/Q30-1<0,L30/Q30-1>-0.005)),"≈",L30/Q30-1)),"—") -> —
A31: FOB US | B31: $/t | C31: =HLOOKUP(C29,INDIRECT($U$5):INDIRECT($U$6),4,FALSE) -> #N/A | D31: =HLOOKUP(D29,INDIRECT($V$5):INDIRECT($V$6),4,FALSE) -> #N/A | E31: =IF(OR(F31="=",F31="≈",F31="—"),"",IF(F31>0,"",IF(F31<0,"",""))) | F31: =S31 -> — | I31: =IFERROR(FIND("—",SUBSTITUTE(C31,"*","")),0) -> 0 | J31: =IF(I31=0,VALUE(SUBSTITUTE(C31,"*","")),VALUE(LEFT(SUBSTITUTE(C31,"*",""),I31-1))) -> #N/A | K31: =IF(I31=0,VALUE(SUBSTITUTE(C31,"*","")),VALUE(RIGHT(SUBSTITUTE(C31,"*",""),LEN(SUBSTITUTE(C31,"*",""))-I31))) -> #N/A | L31: =AVERAGE(J31:K31) -> #N/A | N31: =IFERROR(FIND("—",SUBSTITUTE(D31,"*","")),0) -> 0 | O31: =IF(N31=0,VALUE(SUBSTITUTE(D31,"*","")),VALUE(LEFT(SUBSTITUTE(D31,"*",""),N31-1))) -> #N/A | P31: =IF(N31=0,VALUE(SUBSTITUTE(D31,"*","")),VALUE(RIGHT(SUBSTITUTE(D31,"*",""),LEN(SUBSTITUTE(D31,"*",""))-N31))) -> #N/A | Q31: =AVERAGE(O31:P31) -> #N/A | S31: =IFERROR(IF(L31/Q31-1=0,"=",IF(OR(AND(L31/Q31-1<0.005,L31/Q31-1>0), AND(L31/Q31-1<0,L31/Q31-1>-0.005)),"≈",L31/Q31-1)),"—") -> —
A32: SPOT PRICES
C33: ='Propylene Asia'!OLE_LINK1 -> June 4 | D33: ='Propylene Asia'!OLE_LINK2 -> May 28 | E33: change
A34: CIF US Gulf | B34: ¢/lb | C34: =HLOOKUP(C33,INDIRECT($U$2):INDIRECT($U$3),30,FALSE) -> 0 | D34: =HLOOKUP(D$33,INDIRECT($V$2):INDIRECT($V$3),30,FALSE) -> 0 | E34: =IF(OR(F34="=",F34="≈",F34="—"),"",IF(F34>0,"",IF(F34<0,"",""))) | F34: =S34 -> — | I34: =IFERROR(FIND("—",SUBSTITUTE(C34,"*","")),0) -> 0 | J34: =IF(I34=0,VALUE(SUBSTITUTE(C34,"*","")),VALUE(LEFT(SUBSTITUTE(C34,"*",""),I34-1))) -> 0 | K34: =IF(I34=0,VALUE(SUBSTITUTE(C34,"*","")),VALUE(RIGHT(SUBSTITUTE(C34,"*",""),LEN(SUBSTITUTE(C34,"*",""))-I34))) -> 0 | L34: =AVERAGE(J34:K34) -> 0 | N34: =IFERROR(FIND("—",SUBSTITUTE(D34,"*","")),0) -> 0 | O34: =IF(N34=0,VALUE(SUBSTITUTE(D34,"*","")),VALUE(LEFT(SUBSTITUTE(D34,"*",""),N34-1))) -> 0 | P34: =IF(N34=0,VALUE(SUBSTITUTE(D34,"*","")),VALUE(RIGHT(SUBSTITUTE(D34,"*",""),LEN(SUBSTITUTE(D34,"*",""))-N34))) -> 0 | Q34: =AVERAGE(O34:P34) -> 0 | S34: =IFERROR(IF(L34/Q34-1=0,"=",IF(OR(AND(L34/Q34-1<0.005,L34/Q34-1>0), AND(L34/Q34-1<0,L34/Q34-1>-0.005)),"≈",L34/Q34-1)),"—") -> —
A35: CIF US Gulf | B35: $/t | C35: =HLOOKUP(C$33,INDIRECT($U$2):INDIRECT($U$3),31,FALSE) -> 0 | D35: =HLOOKUP(D$33,INDIRECT($V$2):INDIRECT($V$3),31,FALSE) -> 0 | E35: =IF(OR(F35="=",F35="≈",F35="—"),"",IF(F35>0,"",IF(F35<0,"",""))) | F35: =S35 -> — | I35: =IFERROR(FIND("—",SUBSTITUTE(C35,"*","")),0) -> 0 | J35: =IF(I35=0,VALUE(SUBSTITUTE(C35,"*","")),VALUE(LEFT(SUBSTITUTE(C35,"*",""),I35-1))) -> 0 | K35: =IF(I35=0,VALUE(SUBSTITUTE(C35,"*","")),VALUE(RIGHT(SUBSTITUTE(C35,"*",""),LEN(SUBSTITUTE(C35,"*",""))-I35))) -> 0 | L35: =AVERAGE(J35:K35) -> 0 | N35: =IFERROR(FIND("—",SUBSTITUTE(D35,"*","")),0) -> 0 | O35: =IF(N35=0,VALUE(SUBSTITUTE(D35,"*","")),VALUE(LEFT(SUBSTITUTE(D35,"*",""),N35-1))) -> 0 | P35: =IF(N35=0,VALUE(SUBSTITUTE(D35,"*","")),VALUE(RIGHT(SUBSTITUTE(D35,"*",""),LEN(SUBSTITUTE(D35,"*",""))-N35))) -> 0 | Q35: =AVERAGE(O35:P35) -> 0 | S35: =IFERROR(IF(L35/Q35-1=0,"=",IF(OR(AND(L35/Q35-1<0.005,L35/Q35-1>0), AND(L35/Q35-1<0,L35/Q35-1>-0.005)),"≈",L35/Q35-1)),"—") -> —
A36: FOB US Gulf | B36: ¢/lb | C36: =HLOOKUP(C$33,INDIRECT($U$2):INDIRECT($U$3),28,FALSE) -> 0 | D36: =HLOOKUP(D$33,INDIRECT($V$2):INDIRECT($V$3),28,FALSE) -> 0 | E36: =IF(OR(F36="=",F36="≈",F36="—"),"",IF(F36>0,"",IF(F36<0,"",""))) | F36: =S36 -> — | I36: =IFERROR(FIND("—",SUBSTITUTE(C36,"*","")),0) -> 0 | J36: =IF(I36=0,VALUE(SUBSTITUTE(C36,"*","")),VALUE(LEFT(SUBSTITUTE(C36,"*",""),I36-1))) -> 0 | K36: =IF(I36=0,VALUE(SUBSTITUTE(C36,"*","")),VALUE(RIGHT(SUBSTITUTE(C36,"*",""),LEN(SUBSTITUTE(C36,"*",""))-I36))) -> 0 | L36: =AVERAGE(J36:K36) -> 0 | N36: =IFERROR(FIND("—",SUBSTITUTE(D36,"*","")),0) -> 0 | O36: =IF(N36=0,VALUE(SUBSTITUTE(D36,"*","")),VALUE(LEFT(SUBSTITUTE(D36,"*",""),N36-1))) -> 0 | P36: =IF(N36=0,VALUE(SUBSTITUTE(D36,"*","")),VALUE(RIGHT(SUBSTITUTE(D36,"*",""),LEN(SUBSTITUTE(D36,"*",""))-N36))) -> 0 | Q36: =AVERAGE(O36:P36) -> 0 | S36: =IFERROR(IF(L36/Q36-1=0,"=",IF(OR(AND(L36/Q36-1<0.005,L36/Q36-1>0), AND(L36/Q36-1<0,L36/Q36-1>-0.005)),"≈",L36/Q36-1)),"—") -> —
A37: FOB US Gulf | B37: $/t | C37: =HLOOKUP(C$33,INDIRECT($U$2):INDIRECT($U$3),29,FALSE) -> 0 | D37: =HLOOKUP(D$33,INDIRECT($V$2):INDIRECT($V$3),29,FALSE) -> 0 | E37: =IF(OR(F37="=",F37="≈",F37="—"),"",IF(F37>0,"",IF(F37<0,"",""))) | F37: =S37 -> — | I37: =IFERROR(FIND("—",SUBSTITUTE(C37,"*","")),0) -> 0 | J37: =IF(I37=0,VALUE(SUBSTITUTE(C37,"*","")),VALUE(LEFT(SUBSTITUTE(C37,"*",""),I37-1))) -> 0 | K37: =IF(I37=0,VALUE(SUBSTITUTE(C37,"*","")),VALUE(RIGHT(SUBSTITUTE(C37,"*",""),LEN(SUBSTITUTE(C37,"*",""))-I37))) -> 0 | L37: =AVERAGE(J37:K37) -> 0 | N37: =IFERROR(FIND("—",SUBSTITUTE(D37,"*","")),0) -> 0 | O37: =IF(N37=0,VALUE(SUBSTITUTE(D37,"*","")),VALUE(LEFT(SUBSTITUTE(D37,"*",""),N37-1))) -> 0 | P37: =IF(N37=0,VALUE(SUBSTITUTE(D37,"*","")),VALUE(RIGHT(SUBSTITUTE(D37,"*",""),LEN(SUBSTITUTE(D37,"*",""))-N37))) -> 0 | Q37: =AVERAGE(O37:P37) -> 0 | S37: =IFERROR(IF(L37/Q37-1=0,"=",IF(OR(AND(L37/Q37-1<0.005,L37/Q37-1>0), AND(L37/Q37-1<0,L37/Q37-1>-0.005)),"≈",L37/Q37-1)),"—") -> —
A39: SPOT PRICES, $/t
C40: =OLE_LINK1 -> June 4 | D40: =OLE_LINK2 -> May 28 | E40: change
A41: Naphtha CFR Japan
A42: Ethylene CFR NEA
A43: Butadiene CFR NEA
A44: Butadiene CFR NEA (bid/offer)
A45: Butadiene CFR SEA
A46: Butadiene FOB Korea
A47: ABS CFR Asia

Sheet Propylene Asia
A1: SPOT PRICES, RUB/t inc VAT*
B2: June 4 | C2: May 28 | D2: change | T2: ='Propylene EU and US'!U2 -> Database!JT2 | U2: ='Propylene EU and US'!V2 -> Database!JT2
A3: C3 | T3: ='Propylene EU and US'!U3 -> Database!KR50 | U3: ='Propylene EU and US'!V3 -> Database!KR50
A4: Propylene FCA VFD | B4: =HLOOKUP(OLE_LINK1,INDIRECT($T$2):INDIRECT($T$3),3,FALSE) -> 60,000—65,000 | C4: =HLOOKUP(OLE_LINK2,INDIRECT($U$2):INDIRECT($U$3),3,FALSE) -> 60,000—65,000 | D4: =IF(OR(E4="=",E4="≈",E4="—"),"",IF(E4>0,"",IF(E4<0,"",""))) | E4: =R4 -> = | H4: =IFERROR(FIND("—",SUBSTITUTE(B4,"*","")),0) -> 7 | I4: =IF(H4=0,VALUE(SUBSTITUTE(B4,"*","")),VALUE(LEFT(SUBSTITUTE(B4,"*",""),H4-1))) -> 60000 | J4: =IF(H4=0,VALUE(SUBSTITUTE(B4,"*","")),VALUE(RIGHT(SUBSTITUTE(B4,"*",""),LEN(SUBSTITUTE(B4,"*",""))-H4))) -> 65000 | K4: =AVERAGE(I4:J4) -> 62500 | M4: =IFERROR(FIND("—",SUBSTITUTE(C4,"*","")),0) -> 7 | N4: =IF(M4=0,VALUE(SUBSTITUTE(C4,"*","")),VALUE(LEFT(SUBSTITUTE(C4,"*",""),M4-1))) -> 60000 | O4: =IF(M4=0,VALUE(SUBSTITUTE(C4,"*","")),VALUE(RIGHT(SUBSTITUTE(C4,"*",""),LEN(SUBSTITUTE(C4,"*",""))-M4))) -> 65000 | P4: =AVERAGE(N4:O4) -> 62500 | R4: =IFERROR(IF(K4/P4-1=0,"=",IF(OR(AND(K4/P4-1<0.005,K4/P4-1>0), AND(K4/P4-1<0,K4/P4-1>-0.005)),"≈",K4/P4-1)),"—") -> =
A5: Downstream
A6: PP homo CPT CFD | B6: =HLOOKUP(OLE_LINK1,INDIRECT($T$2):INDIRECT($T$3),33,FALSE) -> — | C6: =HLOOKUP(OLE_LINK2,INDIRECT($U$2):INDIRECT($U$3),33,FALSE) -> — | D6: =IF(OR(E6="=",E6="≈",E6="—"),"",IF(E6>0,"",IF(E6<0,"",""))) | E6: =R6 -> — | H6: =IFERROR(FIND("—",SUBSTITUTE(B6,"*","")),0) -> 1 | I6: =IF(H6=0,VALUE(SUBSTITUTE(B6,"*","")),VALUE(LEFT(SUBSTITUTE(B6,"*",""),H6-1))) -> #VALUE! | J6: =IF(H6=0,VALUE(SUBSTITUTE(B6,"*","")),VALUE(RIGHT(SUBSTITUTE(B6,"*",""),LEN(SUBSTITUTE(B6,"*",""))-H6))) -> #VALUE! | K6: =AVERAGE(I6:J6) -> #VALUE! | M6: =IFERROR(FIND("—",SUBSTITUTE(C6,"*","")),0) -> 1 | N6: =IF(M6=0,VALUE(SUBSTITUTE(C6,"*","")),VALUE(LEFT(SUBSTITUTE(C6,"*",""),M6-1))) -> #VALUE! | O6: =IF(M6=0,VALUE(SUBSTITUTE(C6,"*","")),VALUE(RIGHT(SUBSTITUTE(C6,"*",""),LEN(SUBSTITUTE(C6,"*",""))-M6))) -> #VALUE! | P6: =AVERAGE(N6:O6) -> #VALUE! | R6: =IFERROR(IF(K6/P6-1=0,"=",IF(OR(AND(K6/P6-1<0.005,K6/P6-1>0), AND(K6/P6-1<0,K6/P6-1>-0.005)),"≈",K6/P6-1)),"—") -> —
A7: PP block copolymer CPT CFD | B7: =HLOOKUP(OLE_LINK1,INDIRECT($T$2):INDIRECT($T$3),34,FALSE) -> — | C7: =HLOOKUP(OLE_LINK2,INDIRECT($U$2):INDIRECT($U$3),34,FALSE) -> — | D7: =IF(OR(E7="=",E7="≈",E7="—"),"",IF(E7>0,"",IF(E7<0,"",""))) | E7: =R7 -> — | H7: =IFERROR(FIND("—",SUBSTITUTE(B7,"*","")),0) -> 1 | I7: =IF(H7=0,VALUE(SUBSTITUTE(B7,"*","")),VALUE(LEFT(SUBSTITUTE(B7,"*",""),H7-1))) -> #VALUE! | J7: =IF(H7=0,VALUE(SUBSTITUTE(B7,"*","")),VALUE(RIGHT(SUBSTITUTE(B7,"*",""),LEN(SUBSTITUTE(B7,"*",""))-H7))) -> #VALUE! | K7: =AVERAGE(I7:J7) -> #VALUE! | M7: =IFERROR(FIND("—",SUBSTITUTE(C7,"*","")),0) -> 1 | N7: =IF(M7=0,VALUE(SUBSTITUTE(C7,"*","")),VALUE(LEFT(SUBSTITUTE(C7,"*",""),M7-1))) -> #VALUE! | O7: =IF(M7=0,VALUE(SUBSTITUTE(C7,"*","")),VALUE(RIGHT(SUBSTITUTE(C7,"*",""),LEN(SUBSTITUTE(C7,"*",""))-M7))) -> #VALUE! | P7: =AVERAGE(N7:O7) -> #VALUE! | R7: =IFERROR(IF(K7/P7-1=0,"=",IF(OR(AND(K7/P7-1<0.005,K7/P7-1>0), AND(K7/P7-1<0,K7/P7-1>-0.005)),"≈",K7/P7-1)),"—") -> —
A8: 1-Butanol FCA VFD | B8: =HLOOKUP(OLE_LINK1,INDIRECT($T$2):INDIRECT($T$3),35,FALSE) -> 102000 | C8: =HLOOKUP(OLE_LINK2,INDIRECT($U$2):INDIRECT($U$3),35,FALSE) -> 80,000—101,000 | D8: =IF(OR(E8="=",E8="≈",E8="—"),"",IF(E8>0,"",IF(E8<0,"",""))) ->  | E8: =R8 -> 0.12707182 | H8: =IFERROR(FIND("—",SUBSTITUTE(B8,"*","")),0) -> 0 | I8: =IF(H8=0,VALUE(SUBSTITUTE(B8,"*","")),VALUE(LEFT(SUBSTITUTE(B8,"*",""),H8-1))) -> 102000 | J8: =IF(H8=0,VALUE(SUBSTITUTE(B8,"*","")),VALUE(RIGHT(SUBSTITUTE(B8,"*",""),LEN(SUBSTITUTE(B8,"*",""))-H8))) -> 102000 | K8: =AVERAGE(I8:J8) -> 102000 | M8: =IFERROR(FIND("—",SUBSTITUTE(C8,"*","")),0) -> 7 | N8: =IF(M8=0,VALUE(SUBSTITUTE(C8,"*","")),VALUE(LEFT(SUBSTITUTE(C8,"*",""),M8-1))) -> 80000 | O8: =IF(M8=0,VALUE(SUBSTITUTE(C8,"*","")),VALUE(RIGHT(SUBSTITUTE(C8,"*",""),LEN(SUBSTITUTE(C8,"*",""))-M8))) -> 101000 | P8: =AVERAGE(N8:O8) -> 90500 | R8: =IFERROR(IF(K8/P8-1=0,"=",IF(OR(AND(K8/P8-1<0.005,K8/P8-1>0), AND(K8/P8-1<0,K8/P8-1>-0.005)),"≈",K8/P8-1)),"—") -> 0.12707182
A9: 2-Ethylhexanol FCA VFD | B9: =HLOOKUP(OLE_LINK1,INDIRECT($T$2):INDIRECT($T$3),36,FALSE) -> 145000 | C9: =HLOOKUP(OLE_LINK2,INDIRECT($U$2):INDIRECT($U$3),36,FALSE) -> 160000 | D9: =IF(OR(E9="=",E9="≈",E9="—"),"",IF(E9>0,"",IF(E9<0,"",""))) ->  | E9: =R9 -> -0.09375 | H9: =IFERROR(FIND("—",SUBSTITUTE(B9,"*","")),0) -> 0 | I9: =IF(H9=0,VALUE(SUBSTITUTE(B9,"*","")),VALUE(LEFT(SUBSTITUTE(B9,"*",""),H9-1))) -> 145000 | J9: =IF(H9=0,VALUE(SUBSTITUTE(B9,"*","")),VALUE(RIGHT(SUBSTITUTE(B9,"*",""),LEN(SUBSTITUTE(B9,"*",""))-H9))) -> 145000 | K9: =AVERAGE(I9:J9) -> 145000 | M9: =IFERROR(FIND("—",SUBSTITUTE(C9,"*","")),0) -> 0 | N9: =IF(M9=0,VALUE(SUBSTITUTE(C9,"*","")),VALUE(LEFT(SUBSTITUTE(C9,"*",""),M9-1))) -> 160000 | O9: =IF(M9=0,VALUE(SUBSTITUTE(C9,"*","")),VALUE(RIGHT(SUBSTITUTE(C9,"*",""),LEN(SUBSTITUTE(C9,"*",""))-M9))) -> 160000 | P9: =AVERAGE(N9:O9) -> 160000 | R9: =IFERROR(IF(K9/P9-1=0,"=",IF(OR(AND(K9/P9-1<0.005,K9/P9-1>0), AND(K9/P9-1<0,K9/P9-1>-0.005)),"≈",K9/P9-1)),"—") -> -0.09375
A10: Acrylic acid EXW VFD | B10: =HLOOKUP(OLE_LINK1,INDIRECT($T$2):INDIRECT($T$3),37,FALSE) -> — | C10: =HLOOKUP(OLE_LINK2,INDIRECT($U$2):INDIRECT($U$3),37,FALSE) -> 190000 | D10: =IF(OR(E10="=",E10="≈",E10="—"),"",IF(E10>0,"",IF(E10<0,"",""))) | E10: =R10 -> — | H10: =IFERROR(FIND("—",SUBSTITUTE(B10,"*","")),0) -> 1 | I10: =IF(H10=0,VALUE(SUBSTITUTE(B10,"*","")),VALUE(LEFT(SUBSTITUTE(B10,"*",""),H10-1))) -> #VALUE! | J10: =IF(H10=0,VALUE(SUBSTITUTE(B10,"*","")),VALUE(RIGHT(SUBSTITUTE(B10,"*",""),LEN(SUBSTITUTE(B10,"*",""))-H10))) -> #VALUE! | K10: =AVERAGE(I10:J10) -> #VALUE! | M10: =IFERROR(FIND("—",SUBSTITUTE(C10,"*","")),0) -> 0 | N10: =IF(M10=0,VALUE(SUBSTITUTE(C10,"*","")),VALUE(LEFT(SUBSTITUTE(C10,"*",""),M10-1))) -> 190000 | O10: =IF(M10=0,VALUE(SUBSTITUTE(C10,"*","")),VALUE(RIGHT(SUBSTITUTE(C10,"*",""),LEN(SUBSTITUTE(C10,"*",""))-M10))) -> 190000 | P10: =AVERAGE(N10:O10) -> 190000 | R10: =IFERROR(IF(K10/P10-1=0,"=",IF(OR(AND(K10/P10-1<0.005,K10/P10-1>0), AND(K10/P10-1<0,K10/P10-1>-0.005)),"≈",K10/P10-1)),"—") -> —
A11: Phenol FCA VFD | B11: =HLOOKUP(OLE_LINK1,INDIRECT($T$2):INDIRECT($T$3),38,FALSE) -> 90,000—90,500 | C11: =HLOOKUP(OLE_LINK2,INDIRECT($U$2):INDIRECT($U$3),38,FALSE) -> 87,500—88,000 | D11: =IF(OR(E11="=",E11="≈",E11="—"),"",IF(E11>0,"",IF(E11<0,"",""))) ->  | E11: =R11 -> 0.028490028 | H11: =IFERROR(FIND("—",SUBSTITUTE(B11,"*","")),0) -> 7 | I11: =IF(H11=0,VALUE(SUBSTITUTE(B11,"*","")),VALUE(LEFT(SUBSTITUTE(B11,"*",""),H11-1))) -> 90000 | J11: =IF(H11=0,VALUE(SUBSTITUTE(B11,"*","")),VALUE(RIGHT(SUBSTITUTE(B11,"*",""),LEN(SUBSTITUTE(B11,"*",""))-H11))) -> 90500 | K11: =AVERAGE(I11:J11) -> 90250 | M11: =IFERROR(FIND("—",SUBSTITUTE(C11,"*","")),0) -> 7 | N11: =IF(M11=0,VALUE(SUBSTITUTE(C11,"*","")),VALUE(LEFT(SUBSTITUTE(C11,"*",""),M11-1))) -> 87500 | O11: =IF(M11=0,VALUE(SUBSTITUTE(C11,"*","")),VALUE(RIGHT(SUBSTITUTE(C11,"*",""),LEN(SUBSTITUTE(C11,"*",""))-M11))) -> 88000 | P11: =AVERAGE(N11:O11) -> 87750 | R11: =IFERROR(IF(K11/P11-1=0,"=",IF(OR(AND(K11/P11-1<0.005,K11/P11-1>0), AND(K11/P11-1<0,K11/P11-1>-0.005)),"≈",K11/P11-1)),"—") -> 0.028490028
A12: Acetone FCA VFD | B12: =HLOOKUP(OLE_LINK1,INDIRECT($T$2):INDIRECT($T$3),39,FALSE) -> 73,000—75,000 | C12: =HLOOKUP(OLE_LINK2,INDIRECT($U$2):INDIRECT($U$3),39,FALSE) -> 73,000—75,000 | D12: =IF(OR(E12="=",E12="≈",E12="—"),"",IF(E12>0,"",IF(E12<0,"",""))) | E12: =R12 -> = | H12: =IFERROR(FIND("—",SUBSTITUTE(B12,"*","")),0) -> 7 | I12: =IF(H12=0,VALUE(SUBSTITUTE(B12,"*","")),VALUE(LEFT(SUBSTITUTE(B12,"*",""),H12-1))) -> 73000 | J12: =IF(H12=0,VALUE(SUBSTITUTE(B12,"*","")),VALUE(RIGHT(SUBSTITUTE(B12,"*",""),LEN(SUBSTITUTE(B12,"*",""))-H12))) -> 75000 | K12: =AVERAGE(I12:J12) -> 74000 | M12: =IFERROR(FIND("—",SUBSTITUTE(C12,"*","")),0) -> 7 | N12: =IF(M12=0,VALUE(SUBSTITUTE(C12,"*","")),VALUE(LEFT(SUBSTITUTE(C12,"*",""),M12-1))) -> 73000 | O12: =IF(M12=0,VALUE(SUBSTITUTE(C12,"*","")),VALUE(RIGHT(SUBSTITUTE(C12,"*",""),LEN(SUBSTITUTE(C12,"*",""))-M12))) -> 75000 | P12: =AVERAGE(N12:O12) -> 74000 | R12: =IFERROR(IF(K12/P12-1=0,"=",IF(OR(AND(K12/P12-1<0.005,K12/P12-1>0), AND(K12/P12-1<0,K12/P12-1>-0.005)),"≈",K12/P12-1)),"—") -> =
A13: SPOT PRICES, $/t ex VAT*
A14: C3
A15: Propylene FCA VFD | B15: =IFERROR(IF(I4=J4,TEXT(I4/1.22/B$24,"#,###"),CONCATENATE(TEXT(I4/1.22/B$24,"#,###"),"—",TEXT(J4/1.22/B$24,"#,###"))),"—") -> 671—726 | C15: =IFERROR(IF(N4=O4,TEXT(N4/1.22/C$24,"#,###"),CONCATENATE(TEXT(N4/1.22/C$24,"#,###"),"—",TEXT(O4/1.22/C$24,"#,###"))),"—") -> 694—751 | D15: =IF(OR(E15="=",E15="≈",E15="—"),"",IF(E15>0,"",IF(E15<0,"",""))) ->  | E15: =R15 -> -0.033217993 | H15: =IFERROR(FIND("—",SUBSTITUTE(B15,"*","")),0) -> 4 | I15: =IF(H15=0,VALUE(SUBSTITUTE(B15,"*","")),VALUE(LEFT(SUBSTITUTE(B15,"*",""),H15-1))) -> 671 | J15: =IF(H15=0,VALUE(SUBSTITUTE(B15,"*","")),VALUE(RIGHT(SUBSTITUTE(B15,"*",""),LEN(SUBSTITUTE(B15,"*",""))-H15))) -> 726 | K15: =AVERAGE(I15:J15) -> 698.5 | M15: =IFERROR(FIND("—",SUBSTITUTE(C15,"*","")),0) -> 4 | N15: =IF(M15=0,VALUE(SUBSTITUTE(C15,"*","")),VALUE(LEFT(SUBSTITUTE(C15,"*",""),M15-1))) -> 694 | O15: =IF(M15=0,VALUE(SUBSTITUTE(C15,"*","")),VALUE(RIGHT(SUBSTITUTE(C15,"*",""),LEN(SUBSTITUTE(C15,"*",""))-M15))) -> 751 | P15: =AVERAGE(N15:O15) -> 722.5 | R15: =IFERROR(IF(K15/P15-1=0,"=",IF(OR(AND(K15/P15-1<0.005,K15/P15-1>0), AND(K15/P15-1<0,K15/P15-1>-0.005)),"≈",K15/P15-1)),"—") -> -0.033217993
A16: Downstream
A17: PP homo CPT CFD | B17: =IFERROR(IF(I6=J6,TEXT(I6/1.22/B$24,"#,###"),CONCATENATE(TEXT(I6/1.22/B$24,"#,###"),"—",TEXT(J6/1.22/B$24,"#,###"))),"—") -> — | C17: =IFERROR(IF(N6=O6,TEXT(N6/1.22/C$24,"#,###"),CONCATENATE(TEXT(N6/1.22/C$24,"#,###"),"—",TEXT(O6/1.22/C$24,"#,###"))),"—") -> — | D17: =IF(OR(E17="=",E17="≈",E17="—"),"",IF(E17>0,"",IF(E17<0,"",""))) | E17: =R17 -> — | H17: =IFERROR(FIND("—",SUBSTITUTE(B17,"*","")),0) -> 1 | I17: =IF(H17=0,VALUE(SUBSTITUTE(B17,"*","")),VALUE(LEFT(SUBSTITUTE(B17,"*",""),H17-1))) -> #VALUE! | J17: =IF(H17=0,VALUE(SUBSTITUTE(B17,"*","")),VALUE(RIGHT(SUBSTITUTE(B17,"*",""),LEN(SUBSTITUTE(B17,"*",""))-H17))) -> #VALUE! | K17: =AVERAGE(I17:J17) -> #VALUE! | M17: =IFERROR(FIND("—",SUBSTITUTE(C17,"*","")),0) -> 1 | N17: =IF(M17=0,VALUE(SUBSTITUTE(C17,"*","")),VALUE(LEFT(SUBSTITUTE(C17,"*",""),M17-1))) -> #VALUE! | O17: =IF(M17=0,VALUE(SUBSTITUTE(C17,"*","")),VALUE(RIGHT(SUBSTITUTE(C17,"*",""),LEN(SUBSTITUTE(C17,"*",""))-M17))) -> #VALUE! | P17: =AVERAGE(N17:O17) -> #VALUE! | R17: =IFERROR(IF(K17/P17-1=0,"=",IF(OR(AND(K17/P17-1<0.005,K17/P17-1>0), AND(K17/P17-1<0,K17/P17-1>-0.005)),"≈",K17/P17-1)),"—") -> —
A18: PP block copolymer CPT CFD | B18: =IFERROR(IF(I7=J7,TEXT(I7/1.22/B$24,"#,###"),CONCATENATE(TEXT(I7/1.22/B$24,"#,###"),"—",TEXT(J7/1.22/B$24,"#,###"))),"—") -> — | C18: =IFERROR(IF(N7=O7,TEXT(N7/1.22/C$24,"#,###"),CONCATENATE(TEXT(N7/1.22/C$24,"#,###"),"—",TEXT(O7/1.22/C$24,"#,###"))),"—") -> — | D18: =IF(OR(E18="=",E18="≈",E18="—"),"",IF(E18>0,"",IF(E18<0,"",""))) | E18: =R18 -> — | H18: =IFERROR(FIND("—",SUBSTITUTE(B18,"*","")),0) -> 1 | I18: =IF(H18=0,VALUE(SUBSTITUTE(B18,"*","")),VALUE(LEFT(SUBSTITUTE(B18,"*",""),H18-1))) -> #VALUE! | J18: =IF(H18=0,VALUE(SUBSTITUTE(B18,"*","")),VALUE(RIGHT(SUBSTITUTE(B18,"*",""),LEN(SUBSTITUTE(B18,"*",""))-H18))) -> #VALUE! | K18: =AVERAGE(I18:J18) -> #VALUE! | M18: =IFERROR(FIND("—",SUBSTITUTE(C18,"*","")),0) -> 1 | N18: =IF(M18=0,VALUE(SUBSTITUTE(C18,"*","")),VALUE(LEFT(SUBSTITUTE(C18,"*",""),M18-1))) -> #VALUE! | O18: =IF(M18=0,VALUE(SUBSTITUTE(C18,"*","")),VALUE(RIGHT(SUBSTITUTE(C18,"*",""),LEN(SUBSTITUTE(C18,"*",""))-M18))) -> #VALUE! | P18: =AVERAGE(N18:O18) -> #VALUE! | R18: =IFERROR(IF(K18/P18-1=0,"=",IF(OR(AND(K18/P18-1<0.005,K18/P18-1>0), AND(K18/P18-1<0,K18/P18-1>-0.005)),"≈",K18/P18-1)),"—") -> —
A19: 1-Butanol FCA VFD | B19: =IFERROR(IF(I8=J8,TEXT(I8/1.22/B$24,"#,###"),CONCATENATE(TEXT(I8/1.22/B$24,"#,###"),"—",TEXT(J8/1.22/B$24,"#,###"))),"—") -> 1,140 | C19: =IFERROR(IF(N8=O8,TEXT(N8/1.22/C$24,"#,###"),CONCATENATE(TEXT(N8/1.22/C$24,"#,###"),"—",TEXT(O8/1.22/C$24,"#,###"))),"—") -> 925—1,168 | D19: =IF(OR(E19="=",E19="≈",E19="—"),"",IF(E19>0,"",IF(E19<0,"",""))) ->  | E19: =R19 -> 0.089345437 | H19: =IFERROR(FIND("—",SUBSTITUTE(B19,"*","")),0) -> 0 | I19: =IF(H19=0,VALUE(SUBSTITUTE(B19,"*","")),VALUE(LEFT(SUBSTITUTE(B19,"*",""),H19-1))) -> 1140 | J19: =IF(H19=0,VALUE(SUBSTITUTE(B19,"*","")),VALUE(RIGHT(SUBSTITUTE(B19,"*",""),LEN(SUBSTITUTE(B19,"*",""))-H19))) -> 1140 | K19: =AVERAGE(I19:J19) -> 1140 | M19: =IFERROR(FIND("—",SUBSTITUTE(C19,"*","")),0) -> 4 | N19: =IF(M19=0,VALUE(SUBSTITUTE(C19,"*","")),VALUE(LEFT(SUBSTITUTE(C19,"*",""),M19-1))) -> 925 | O19: =IF(M19=0,VALUE(SUBSTITUTE(C19,"*","")),VALUE(RIGHT(SUBSTITUTE(C19,"*",""),LEN(SUBSTITUTE(C19,"*",""))-M19))) -> 1168 | P19: =AVERAGE(N19:O19) -> 1046.5 | R19: =IFERROR(IF(K19/P19-1=0,"=",IF(OR(AND(K19/P19-1<0.005,K19/P19-1>0), AND(K19/P19-1<0,K19/P19-1>-0.005)),"≈",K19/P19-1)),"—") -> 0.089345437
A20: 2-Ethylhexanol FCA VFD | B20: =IFERROR(IF(I9=J9,TEXT(I9/1.22/B$24,"#,###"),CONCATENATE(TEXT(I9/1.22/B$24,"#,###"),"—",TEXT(J9/1.22/B$24,"#,###"))),"—") -> 1,621 | C20: =IFERROR(IF(N9=O9,TEXT(N9/1.22/C$24,"#,###"),CONCATENATE(TEXT(N9/1.22/C$24,"#,###"),"—",TEXT(O9/1.22/C$24,"#,###"))),"—") -> 1,850 | D20: =IF(OR(E20="=",E20="≈",E20="—"),"",IF(E20>0,"",IF(E20<0,"",""))) ->  | E20: =R20 -> -0.12378378 | H20: =IFERROR(FIND("—",SUBSTITUTE(B20,"*","")),0) -> 0 | I20: =IF(H20=0,VALUE(SUBSTITUTE(B20,"*","")),VALUE(LEFT(SUBSTITUTE(B20,"*",""),H20-1))) -> 1621 | J20: =IF(H20=0,VALUE(SUBSTITUTE(B20,"*","")),VALUE(RIGHT(SUBSTITUTE(B20,"*",""),LEN(SUBSTITUTE(B20,"*",""))-H20))) -> 1621 | K20: =AVERAGE(I20:J20) -> 1621 | M20: =IFERROR(FIND("—",SUBSTITUTE(C20,"*","")),0) -> 0 | N20: =IF(M20=0,VALUE(SUBSTITUTE(C20,"*","")),VALUE(LEFT(SUBSTITUTE(C20,"*",""),M20-1))) -> 1850 | O20: =IF(M20=0,VALUE(SUBSTITUTE(C20,"*","")),VALUE(RIGHT(SUBSTITUTE(C20,"*",""),LEN(SUBSTITUTE(C20,"*",""))-M20))) -> 1850 | P20: =AVERAGE(N20:O20) -> 1850 | R20: =IFERROR(IF(K20/P20-1=0,"=",IF(OR(AND(K20/P20-1<0.005,K20/P20-1>0), AND(K20/P20-1<0,K20/P20-1>-0.005)),"≈",K20/P20-1)),"—") -> -0.12378378
A21: Acrylic acid EXW VFD | B21: =IFERROR(IF(I10=J10,TEXT(I10/1.22/B$24,"#,###"),CONCATENATE(TEXT(I10/1.22/B$24,"#,###"),"—",TEXT(J10/1.22/B$24,"#,###"))),"—") -> — | C21: =IFERROR(IF(N10=O10,TEXT(N10/1.22/C$24,"#,###"),CONCATENATE(TEXT(N10/1.22/C$24,"#,###"),"—",TEXT(O10/1.22/C$24,"#,###"))),"—") -> 2,197 | D21: =IF(OR(E21="=",E21="≈",E21="—"),"",IF(E21>0,"",IF(E21<0,"",""))) | E21: =R21 -> — | H21: =IFERROR(FIND("—",SUBSTITUTE(B21,"*","")),0) -> 1 | I21: =IF(H21=0,VALUE(SUBSTITUTE(B21,"*","")),VALUE(LEFT(SUBSTITUTE(B21,"*",""),H21-1))) -> #VALUE! | J21: =IF(H21=0,VALUE(SUBSTITUTE(B21,"*","")),VALUE(RIGHT(SUBSTITUTE(B21,"*",""),LEN(SUBSTITUTE(B21,"*",""))-H21))) -> #VALUE! | K21: =AVERAGE(I21:J21) -> #VALUE! | M21: =IFERROR(FIND("—",SUBSTITUTE(C21,"*","")),0) -> 0 | N21: =IF(M21=0,VALUE(SUBSTITUTE(C21,"*","")),VALUE(LEFT(SUBSTITUTE(C21,"*",""),M21-1))) -> 2197 | O21: =IF(M21=0,VALUE(SUBSTITUTE(C21,"*","")),VALUE(RIGHT(SUBSTITUTE(C21,"*",""),LEN(SUBSTITUTE(C21,"*",""))-M21))) -> 2197 | P21: =AVERAGE(N21:O21) -> 2197 | R21: =IFERROR(IF(K21/P21-1=0,"=",IF(OR(AND(K21/P21-1<0.005,K21/P21-1>0), AND(K21/P21-1<0,K21/P21-1>-0.005)),"≈",K21/P21-1)),"—") -> —
A22: Phenol FCA VFD | B22: =IFERROR(IF(I11=J11,TEXT(I11/1.22/B$24,"#,###"),CONCATENATE(TEXT(I11/1.22/B$24,"#,###"),"—",TEXT(J11/1.22/B$24,"#,###"))),"—") -> 1,006—1,011 | C22: =IFERROR(IF(N11=O11,TEXT(N11/1.22/C$24,"#,###"),CONCATENATE(TEXT(N11/1.22/C$24,"#,###"),"—",TEXT(O11/1.22/C$24,"#,###"))),"—") -> 1,012—1,017 | D22: =IF(OR(E22="=",E22="≈",E22="—"),"",IF(E22>0,"",IF(E22<0,"",""))) ->  | E22: =R22 -> -0.0059142435 | H22: =IFERROR(FIND("—",SUBSTITUTE(B22,"*","")),0) -> 6 | I22: =IF(H22=0,VALUE(SUBSTITUTE(B22,"*","")),VALUE(LEFT(SUBSTITUTE(B22,"*",""),H22-1))) -> 1006 | J22: =IF(H22=0,VALUE(SUBSTITUTE(B22,"*","")),VALUE(RIGHT(SUBSTITUTE(B22,"*",""),LEN(SUBSTITUTE(B22,"*",""))-H22))) -> 1011 | K22: =AVERAGE(I22:J22) -> 1008.5 | M22: =IFERROR(FIND("—",SUBSTITUTE(C22,"*","")),0) -> 6 | N22: =IF(M22=0,VALUE(SUBSTITUTE(C22,"*","")),VALUE(LEFT(SUBSTITUTE(C22,"*",""),M22-1))) -> 1012 | O22: =IF(M22=0,VALUE(SUBSTITUTE(C22,"*","")),VALUE(RIGHT(SUBSTITUTE(C22,"*",""),LEN(SUBSTITUTE(C22,"*",""))-M22))) -> 1017 | P22: =AVERAGE(N22:O22) -> 1014.5 | R22: =IFERROR(IF(K22/P22-1=0,"=",IF(OR(AND(K22/P22-1<0.005,K22/P22-1>0), AND(K22/P22-1<0,K22/P22-1>-0.005)),"≈",K22/P22-1)),"—") -> -0.0059142435
A23: Acetone FCA VFD | B23: =IFERROR(IF(I12=J12,TEXT(I12/1.22/B$24,"#,###"),CONCATENATE(TEXT(I12/1.22/B$24,"#,###"),"—",TEXT(J12/1.22/B$24,"#,###"))),"—") -> 816—838 | C23: =IFERROR(IF(N12=O12,TEXT(N12/1.22/C$24,"#,###"),CONCATENATE(TEXT(N12/1.22/C$24,"#,###"),"—",TEXT(O12/1.22/C$24,"#,###"))),"—") -> 844—867 | D23: =IF(OR(E23="=",E23="≈",E23="—"),"",IF(E23>0,"",IF(E23<0,"",""))) ->  | E23: =R23 -> -0.033313852 | H23: =IFERROR(FIND("—",SUBSTITUTE(B23,"*","")),0) -> 4 | I23: =IF(H23=0,VALUE(SUBSTITUTE(B23,"*","")),VALUE(LEFT(SUBSTITUTE(B23,"*",""),H23-1))) -> 816 | J23: =IF(H23=0,VALUE(SUBSTITUTE(B23,"*","")),VALUE(RIGHT(SUBSTITUTE(B23,"*",""),LEN(SUBSTITUTE(B23,"*",""))-H23))) -> 838 | K23: =AVERAGE(I23:J23) -> 827 | M23: =IFERROR(FIND("—",SUBSTITUTE(C23,"*","")),0) -> 4 | N23: =IF(M23=0,VALUE(SUBSTITUTE(C23,"*","")),VALUE(LEFT(SUBSTITUTE(C23,"*",""),M23-1))) -> 844 | O23: =IF(M23=0,VALUE(SUBSTITUTE(C23,"*","")),VALUE(RIGHT(SUBSTITUTE(C23,"*",""),LEN(SUBSTITUTE(C23,"*",""))-M23))) -> 867 | P23: =AVERAGE(N23:O23) -> 855.5 | R23: =IFERROR(IF(K23/P23-1=0,"=",IF(OR(AND(K23/P23-1<0.005,K23/P23-1>0), AND(K23/P23-1<0,K23/P23-1>-0.005)),"≈",K23/P23-1)),"—") -> -0.033313852
A24: USD/RUB | B24: =HLOOKUP(OLE_LINK1,INDIRECT($T$2):INDIRECT($T$3),2,FALSE) -> 73.34 | C24: =HLOOKUP(OLE_LINK2,INDIRECT($U$2):INDIRECT($U$3),2,FALSE) -> 70.9 | D24: =IF(OR(E24="=",E24="≈",E24="—"),"",IF(E24>0,"",IF(E24<0,"",""))) ->  | E24: =R24 -> 0.034414669 | H24: =IFERROR(FIND("—",SUBSTITUTE(B24,"*","")),0) -> 0 | I24: =IF(H24=0,VALUE(SUBSTITUTE(B24,"*","")),VALUE(LEFT(SUBSTITUTE(B24,"*",""),H24-1))) -> 73.34 | J24: =IF(H24=0,VALUE(SUBSTITUTE(B24,"*","")),VALUE(RIGHT(SUBSTITUTE(B24,"*",""),LEN(SUBSTITUTE(B24,"*",""))-H24))) -> 73.34 | K24: =AVERAGE(I24:J24) -> 73.34 | M24: =IFERROR(FIND("—",SUBSTITUTE(C24,"*","")),0) -> 0 | N24: =IF(M24=0,VALUE(SUBSTITUTE(C24,"*","")),VALUE(LEFT(SUBSTITUTE(C24,"*",""),M24-1))) -> 70.9 | O24: =IF(M24=0,VALUE(SUBSTITUTE(C24,"*","")),VALUE(RIGHT(SUBSTITUTE(C24,"*",""),LEN(SUBSTITUTE(C24,"*",""))-M24))) -> 70.9 | P24: =AVERAGE(N24:O24) -> 70.9 | R24: =IFERROR(IF(K24/P24-1=0,"=",IF(OR(AND(K24/P24-1<0.005,K24/P24-1>0), AND(K24/P24-1<0,K24/P24-1>-0.005)),"≈",K24/P24-1)),"—") -> 0.034414669
A28: SPOT PRICES, $/t
B29: =OLE_LINK1 -> June 4 | C29: =OLE_LINK2 -> May 28 | D29: change
A30: Upstream
A31: Naphtha CFR Japan | B31: =HLOOKUP(OLE_LINK1,INDIRECT($T$2):INDIRECT($T$3),17,FALSE) -> 808 | C31: =HLOOKUP(OLE_LINK2,INDIRECT($U$2):INDIRECT($U$3),17,FALSE) -> 835 | D31: =IF(OR(E31="=",E31="≈",E31="—"),"",IF(E31>0,"",IF(E31<0,"",""))) ->  | E31: =R31 -> -0.032335329 | H31: =IFERROR(FIND("—",SUBSTITUTE(B31,"*","")),0) -> 0 | I31: =IF(H31=0,VALUE(SUBSTITUTE(B31,"*","")),VALUE(LEFT(SUBSTITUTE(B31,"*",""),H31-1))) -> 808 | J31: =IF(H31=0,VALUE(SUBSTITUTE(B31,"*","")),VALUE(RIGHT(SUBSTITUTE(B31,"*",""),LEN(SUBSTITUTE(B31,"*",""))-H31))) -> 808 | K31: =AVERAGE(I31:J31) -> 808 | M31: =IFERROR(FIND("—",SUBSTITUTE(C31,"*","")),0) -> 0 | N31: =IF(M31=0,VALUE(SUBSTITUTE(C31,"*","")),VALUE(LEFT(SUBSTITUTE(C31,"*",""),M31-1))) -> 835 | O31: =IF(M31=0,VALUE(SUBSTITUTE(C31,"*","")),VALUE(RIGHT(SUBSTITUTE(C31,"*",""),LEN(SUBSTITUTE(C31,"*",""))-M31))) -> 835 | P31: =AVERAGE(N31:O31) -> 835 | R31: =IFERROR(IF(K31/P31-1=0,"=",IF(OR(AND(K31/P31-1<0.005,K31/P31-1>0), AND(K31/P31-1<0,K31/P31-1>-0.005)),"≈",K31/P31-1)),"—") -> -0.032335329
A32: C3
A33: Propylene (PG) CFR China | B33: =HLOOKUP(OLE_LINK1,INDIRECT($T$2):INDIRECT($T$3),18,FALSE) -> 1150 | C33: =HLOOKUP(OLE_LINK2,INDIRECT($U$2):INDIRECT($U$3),18,FALSE) -> 1210 | D33: =IF(OR(E33="=",E33="≈",E33="—"),"",IF(E33>0,"",IF(E33<0,"",""))) ->  | E33: =R33 -> -0.049586777 | H33: =IFERROR(FIND("—",SUBSTITUTE(B33,"*","")),0) -> 0 | I33: =IF(H33=0,VALUE(SUBSTITUTE(B33,"*","")),VALUE(LEFT(SUBSTITUTE(B33,"*",""),H33-1))) -> 1150 | J33: =IF(H33=0,VALUE(SUBSTITUTE(B33,"*","")),VALUE(RIGHT(SUBSTITUTE(B33,"*",""),LEN(SUBSTITUTE(B33,"*",""))-H33))) -> 1150 | K33: =AVERAGE(I33:J33) -> 1150 | M33: =IFERROR(FIND("—",SUBSTITUTE(C33,"*","")),0) -> 0 | N33: =IF(M33=0,VALUE(SUBSTITUTE(C33,"*","")),VALUE(LEFT(SUBSTITUTE(C33,"*",""),M33-1))) -> 1210 | O33: =IF(M33=0,VALUE(SUBSTITUTE(C33,"*","")),VALUE(RIGHT(SUBSTITUTE(C33,"*",""),LEN(SUBSTITUTE(C33,"*",""))-M33))) -> 1210 | P33: =AVERAGE(N33:O33) -> 1210 | R33: =IFERROR(IF(K33/P33-1=0,"=",IF(OR(AND(K33/P33-1<0.005,K33/P33-1>0), AND(K33/P33-1<0,K33/P33-1>-0.005)),"≈",K33/P33-1)),"—") -> -0.049586777
A34: Propylene (PG) FOB Korea | B34: =HLOOKUP(OLE_LINK1,INDIRECT($T$2):INDIRECT($T$3),19,FALSE) -> 1130 | C34: =HLOOKUP(OLE_LINK2,INDIRECT($U$2):INDIRECT($U$3),19,FALSE) -> 1200 | D34: =IF(OR(E34="=",E34="≈",E34="—"),"",IF(E34>0,"",IF(E34<0,"",""))) ->  | E34: =R34 -> -0.058333333 | H34: =IFERROR(FIND("—",SUBSTITUTE(B34,"*","")),0) -> 0 | I34: =IF(H34=0,VALUE(SUBSTITUTE(B34,"*","")),VALUE(LEFT(SUBSTITUTE(B34,"*",""),H34-1))) -> 1130 | J34: =IF(H34=0,VALUE(SUBSTITUTE(B34,"*","")),VALUE(RIGHT(SUBSTITUTE(B34,"*",""),LEN(SUBSTITUTE(B34,"*",""))-H34))) -> 1130 | K34: =AVERAGE(I34:J34) -> 1130 | M34: =IFERROR(FIND("—",SUBSTITUTE(C34,"*","")),0) -> 0 | N34: =IF(M34=0,VALUE(SUBSTITUTE(C34,"*","")),VALUE(LEFT(SUBSTITUTE(C34,"*",""),M34-1))) -> 1200 | O34: =IF(M34=0,VALUE(SUBSTITUTE(C34,"*","")),VALUE(RIGHT(SUBSTITUTE(C34,"*",""),LEN(SUBSTITUTE(C34,"*",""))-M34))) -> 1200 | P34: =AVERAGE(N34:O34) -> 1200 | R34: =IFERROR(IF(K34/P34-1=0,"=",IF(OR(AND(K34/P34-1<0.005,K34/P34-1>0), AND(K34/P34-1<0,K34/P34-1>-0.005)),"≈",K34/P34-1)),"—") -> -0.058333333
A35: Downstream
A36: PP homo CFR China | B36: =HLOOKUP(OLE_LINK1,INDIRECT($T$2):INDIRECT($T$3),20,FALSE) -> 1,200—1,250 | C36: =HLOOKUP(OLE_LINK2,INDIRECT($U$2):INDIRECT($U$3),20,FALSE) -> 1,210—1,280 | D36: =IF(OR(E36="=",E36="≈",E36="—"),"",IF(E36>0,"",IF(E36<0,"",""))) ->  | E36: =R36 -> -0.016064257 | H36: =IFERROR(FIND("—",SUBSTITUTE(B36,"*","")),0) -> 6 | I36: =IF(H36=0,VALUE(SUBSTITUTE(B36,"*","")),VALUE(LEFT(SUBSTITUTE(B36,"*",""),H36-1))) -> 1200 | J36: =IF(H36=0,VALUE(SUBSTITUTE(B36,"*","")),VALUE(RIGHT(SUBSTITUTE(B36,"*",""),LEN(SUBSTITUTE(B36,"*",""))-H36))) -> 1250 | K36: =AVERAGE(I36:J36) -> 1225 | M36: =IFERROR(FIND("—",SUBSTITUTE(C36,"*","")),0) -> 6 | N36: =IF(M36=0,VALUE(SUBSTITUTE(C36,"*","")),VALUE(LEFT(SUBSTITUTE(C36,"*",""),M36-1))) -> 1210 | O36: =IF(M36=0,VALUE(SUBSTITUTE(C36,"*","")),VALUE(RIGHT(SUBSTITUTE(C36,"*",""),LEN(SUBSTITUTE(C36,"*",""))-M36))) -> 1280 | P36: =AVERAGE(N36:O36) -> 1245 | R36: =IFERROR(IF(K36/P36-1=0,"=",IF(OR(AND(K36/P36-1<0.005,K36/P36-1>0), AND(K36/P36-1<0,K36/P36-1>-0.005)),"≈",K36/P36-1)),"—") -> -0.016064257
A37: PP block copolymer CFR China | B37: =HLOOKUP(OLE_LINK1,INDIRECT($T$2):INDIRECT($T$3),21,FALSE) -> 1,220—1,270 | C37: =HLOOKUP(OLE_LINK2,INDIRECT($U$2):INDIRECT($U$3),21,FALSE) -> 1,250—1,300 | D37: =IF(OR(E37="=",E37="≈",E37="—"),"",IF(E37>0,"",IF(E37<0,"",""))) ->  | E37: =R37 -> -0.023529412 | H37: =IFERROR(FIND("—",SUBSTITUTE(B37,"*","")),0) -> 6 | I37: =IF(H37=0,VALUE(SUBSTITUTE(B37,"*","")),VALUE(LEFT(SUBSTITUTE(B37,"*",""),H37-1))) -> 1220 | J37: =IF(H37=0,VALUE(SUBSTITUTE(B37,"*","")),VALUE(RIGHT(SUBSTITUTE(B37,"*",""),LEN(SUBSTITUTE(B37,"*",""))-H37))) -> 1270 | K37: =AVERAGE(I37:J37) -> 1245 | M37: =IFERROR(FIND("—",SUBSTITUTE(C37,"*","")),0) -> 6 | N37: =IF(M37=0,VALUE(SUBSTITUTE(C37,"*","")),VALUE(LEFT(SUBSTITUTE(C37,"*",""),M37-1))) -> 1250 | O37: =IF(M37=0,VALUE(SUBSTITUTE(C37,"*","")),VALUE(RIGHT(SUBSTITUTE(C37,"*",""),LEN(SUBSTITUTE(C37,"*",""))-M37))) -> 1300 | P37: =AVERAGE(N37:O37) -> 1275 | R37: =IFERROR(IF(K37/P37-1=0,"=",IF(OR(AND(K37/P37-1<0.005,K37/P37-1>0), AND(K37/P37-1<0,K37/P37-1>-0.005)),"≈",K37/P37-1)),"—") -> -0.023529412
A38: Phenol CFR China | B38: =HLOOKUP(OLE_LINK1,INDIRECT($T$2):INDIRECT($T$3),22,FALSE) -> 990 | C38: =HLOOKUP(OLE_LINK2,INDIRECT($U$2):INDIRECT($U$3),22,FALSE) -> 1000 | D38: =IF(OR(E38="=",E38="≈",E38="—"),"",IF(E38>0,"",IF(E38<0,"",""))) ->  | E38: =R38 -> -0.01 | H38: =IFERROR(FIND("—",SUBSTITUTE(B38,"*","")),0) -> 0 | I38: =IF(H38=0,VALUE(SUBSTITUTE(B38,"*","")),VALUE(LEFT(SUBSTITUTE(B38,"*",""),H38-1))) -> 990 | J38: =IF(H38=0,VALUE(SUBSTITUTE(B38,"*","")),VALUE(RIGHT(SUBSTITUTE(B38,"*",""),LEN(SUBSTITUTE(B38,"*",""))-H38))) -> 990 | K38: =AVERAGE(I38:J38) -> 990 | M38: =IFERROR(FIND("—",SUBSTITUTE(C38,"*","")),0) -> 0 | N38: =IF(M38=0,VALUE(SUBSTITUTE(C38,"*","")),VALUE(LEFT(SUBSTITUTE(C38,"*",""),M38-1))) -> 1000 | O38: =IF(M38=0,VALUE(SUBSTITUTE(C38,"*","")),VALUE(RIGHT(SUBSTITUTE(C38,"*",""),LEN(SUBSTITUTE(C38,"*",""))-M38))) -> 1000 | P38: =AVERAGE(N38:O38) -> 1000 | R38: =IFERROR(IF(K38/P38-1=0,"=",IF(OR(AND(K38/P38-1<0.005,K38/P38-1>0), AND(K38/P38-1<0,K38/P38-1>-0.005)),"≈",K38/P38-1)),"—") -> -0.01
A39: Acetone CFR China | B39: =HLOOKUP(OLE_LINK1,INDIRECT($T$2):INDIRECT($T$3),23,FALSE) -> 910 | C39: =HLOOKUP(OLE_LINK2,INDIRECT($U$2):INDIRECT($U$3),23,FALSE) -> 930 | D39: =IF(OR(E39="=",E39="≈",E39="—"),"",IF(E39>0,"",IF(E39<0,"",""))) ->  | E39: =R39 -> -0.021505376 | H39: =IFERROR(FIND("—",SUBSTITUTE(B39,"*","")),0) -> 0 | I39: =IF(H39=0,VALUE(SUBSTITUTE(B39,"*","")),VALUE(LEFT(SUBSTITUTE(B39,"*",""),H39-1))) -> 910 | J39: =IF(H39=0,VALUE(SUBSTITUTE(B39,"*","")),VALUE(RIGHT(SUBSTITUTE(B39,"*",""),LEN(SUBSTITUTE(B39,"*",""))-H39))) -> 910 | K39: =AVERAGE(I39:J39) -> 910 | M39: =IFERROR(FIND("—",SUBSTITUTE(C39,"*","")),0) -> 0 | N39: =IF(M39=0,VALUE(SUBSTITUTE(C39,"*","")),VALUE(LEFT(SUBSTITUTE(C39,"*",""),M39-1))) -> 930 | O39: =IF(M39=0,VALUE(SUBSTITUTE(C39,"*","")),VALUE(RIGHT(SUBSTITUTE(C39,"*",""),LEN(SUBSTITUTE(C39,"*",""))-M39))) -> 930 | P39: =AVERAGE(N39:O39) -> 930 | R39: =IFERROR(IF(K39/P39-1=0,"=",IF(OR(AND(K39/P39-1<0.005,K39/P39-1>0), AND(K39/P39-1<0,K39/P39-1>-0.005)),"≈",K39/P39-1)),"—") -> -0.021505376
A40: BD quotes in China, CNY/t
B41: =OLE_LINK1 -> June 4 | C41: =OLE_LINK2 -> May 28 | D41: change
A42: EXW East China | B42: =HLOOKUP(OLE_LINK1,INDIRECT($T$2):INDIRECT($T$3),22,FALSE) -> 990 | C42: =HLOOKUP(OLE_LINK2,INDIRECT($U$2):INDIRECT($U$3),22,FALSE) -> 1000 | D42: =IF(OR(E42="=",E42="≈",E42="—"),"",IF(E42>0,"",IF(E42<0,"",""))) ->  | E42: =R42 -> -0.01 | H42: =IFERROR(FIND("—",SUBSTITUTE(B42,"*","")),0) -> 0 | I42: =IF(H42=0,VALUE(SUBSTITUTE(B42,"*","")),VALUE(LEFT(SUBSTITUTE(B42,"*",""),H42-1))) -> 990 | J42: =IF(H42=0,VALUE(SUBSTITUTE(B42,"*","")),VALUE(RIGHT(SUBSTITUTE(B42,"*",""),LEN(SUBSTITUTE(B42,"*",""))-H42))) -> 990 | K42: =AVERAGE(I42:J42) -> 990 | M42: =IFERROR(FIND("—",SUBSTITUTE(C42,"*","")),0) -> 0 | N42: =IF(M42=0,VALUE(SUBSTITUTE(C42,"*","")),VALUE(LEFT(SUBSTITUTE(C42,"*",""),M42-1))) -> 1000 | O42: =IF(M42=0,VALUE(SUBSTITUTE(C42,"*","")),VALUE(RIGHT(SUBSTITUTE(C42,"*",""),LEN(SUBSTITUTE(C42,"*",""))-M42))) -> 1000 | P42: =AVERAGE(N42:O42) -> 1000 | R42: =IFERROR(IF(K42/P42-1=0,"=",IF(OR(AND(K42/P42-1<0.005,K42/P42-1>0), AND(K42/P42-1<0,K42/P42-1>-0.005)),"≈",K42/P42-1)),"—") -> -0.01
A43: EXW North China | B43: =HLOOKUP(OLE_LINK1,INDIRECT($T$2):INDIRECT($T$3),23,FALSE) -> 910 | C43: =HLOOKUP(OLE_LINK2,INDIRECT($U$2):INDIRECT($U$3),23,FALSE) -> 930 | D43: =IF(OR(E43="=",E43="≈",E43="—"),"",IF(E43>0,"",IF(E43<0,"",""))) ->  | E43: =R43 -> -0.021505376 | H43: =IFERROR(FIND("—",SUBSTITUTE(B43,"*","")),0) -> 0 | I43: =IF(H43=0,VALUE(SUBSTITUTE(B43,"*","")),VALUE(LEFT(SUBSTITUTE(B43,"*",""),H43-1))) -> 910 | J43: =IF(H43=0,VALUE(SUBSTITUTE(B43,"*","")),VALUE(RIGHT(SUBSTITUTE(B43,"*",""),LEN(SUBSTITUTE(B43,"*",""))-H43))) -> 910 | K43: =AVERAGE(I43:J43) -> 910 | M43: =IFERROR(FIND("—",SUBSTITUTE(C43,"*","")),0) -> 0 | N43: =IF(M43=0,VALUE(SUBSTITUTE(C43,"*","")),VALUE(LEFT(SUBSTITUTE(C43,"*",""),M43-1))) -> 930 | O43: =IF(M43=0,VALUE(SUBSTITUTE(C43,"*","")),VALUE(RIGHT(SUBSTITUTE(C43,"*",""),LEN(SUBSTITUTE(C43,"*",""))-M43))) -> 930 | P43: =AVERAGE(N43:O43) -> 930 | R43: =IFERROR(IF(K43/P43-1=0,"=",IF(OR(AND(K43/P43-1<0.005,K43/P43-1>0), AND(K43/P43-1<0,K43/P43-1>-0.005)),"≈",K43/P43-1)),"—") -> -0.021505376
A44: EXW Sinopec's offer | B44: =HLOOKUP(OLE_LINK1,INDIRECT($T$2):INDIRECT($T$3),24,FALSE) -> 0 | C44: =HLOOKUP(OLE_LINK2,INDIRECT($U$2):INDIRECT($U$3),24,FALSE) -> 0 | D44: =IF(OR(E44="=",E44="≈",E44="—"),"",IF(E44>0,"",IF(E44<0,"",""))) | E44: =R44 -> — | H44: =IFERROR(FIND("—",SUBSTITUTE(B44,"*","")),0) -> 0 | I44: =IF(H44=0,VALUE(SUBSTITUTE(B44,"*","")),VALUE(LEFT(SUBSTITUTE(B44,"*",""),H44-1))) -> 0 | J44: =IF(H44=0,VALUE(SUBSTITUTE(B44,"*","")),VALUE(RIGHT(SUBSTITUTE(B44,"*",""),LEN(SUBSTITUTE(B44,"*",""))-H44))) -> 0 | K44: =AVERAGE(I44:J44) -> 0 | M44: =IFERROR(FIND("—",SUBSTITUTE(C44,"*","")),0) -> 0 | N44: =IF(M44=0,VALUE(SUBSTITUTE(C44,"*","")),VALUE(LEFT(SUBSTITUTE(C44,"*",""),M44-1))) -> 0 | O44: =IF(M44=0,VALUE(SUBSTITUTE(C44,"*","")),VALUE(RIGHT(SUBSTITUTE(C44,"*",""),LEN(SUBSTITUTE(C44,"*",""))-M44))) -> 0 | P44: =AVERAGE(N44:O44) -> 0 | R44: =IFERROR(IF(K44/P44-1=0,"=",IF(OR(AND(K44/P44-1<0.005,K44/P44-1>0), AND(K44/P44-1<0,K44/P44-1>-0.005)),"≈",K44/P44-1)),"—") -> —

Sheet Charts
AB21: =IF(LEFT(calc_Charts!AA11,4)=LEFT(calc_Charts!AB11,4),"",LEFT(calc_Charts!AB11,4)) -> 0
C22: =calc_Charts!C10 -> 2026 | D22: =IF(calc_Charts!D10>calc_Charts!C10,calc_Charts!D10,"") | E22: =IF(calc_Charts!E10>calc_Charts!D10,calc_Charts!E10,"") | F22: =IF(calc_Charts!F10>calc_Charts!E10,calc_Charts!F10,"") | G22: =IF(calc_Charts!G10>calc_Charts!F10,calc_Charts!G10,"") | H22: =IF(calc_Charts!H10>calc_Charts!G10,calc_Charts!H10,"") | I22: =IF(calc_Charts!I10>calc_Charts!H10,calc_Charts!I10,"") | J22: =IF(calc_Charts!J10>calc_Charts!I10,calc_Charts!J10,"") | K22: =IF(calc_Charts!K10>calc_Charts!J10,calc_Charts!K10,"") | ... AA22: =IF(calc_Charts!AA10>calc_Charts!Z10,calc_Charts!AA10,"")
C23: =LEFT(calc_Charts!C11,4) -> Jan | D23: =IF(LEFT(calc_Charts!C11,4)=LEFT(calc_Charts!D11,4),"",LEFT(calc_Charts!D11,4)) | E23: =IF(LEFT(calc_Charts!D11,4)=LEFT(calc_Charts!E11,4),"",LEFT(calc_Charts!E11,4)) | F23: =IF(LEFT(calc_Charts!E11,4)=LEFT(calc_Charts!F11,4),"",LEFT(calc_Charts!F11,4)) | G23: =IF(LEFT(calc_Charts!F11,4)=LEFT(calc_Charts!G11,4),"",LEFT(calc_Charts!G11,4)) -> Feb | H23: =IF(LEFT(calc_Charts!G11,4)=LEFT(calc_Charts!H11,4),"",LEFT(calc_Charts!H11,4)) | I23: =IF(LEFT(calc_Charts!H11,4)=LEFT(calc_Charts!I11,4),"",LEFT(calc_Charts!I11,4)) | J23: =IF(LEFT(calc_Charts!I11,4)=LEFT(calc_Charts!J11,4),"",LEFT(calc_Charts!J11,4)) | K23: =IF(LEFT(calc_Charts!J11,4)=LEFT(calc_Charts!K11,4),"",LEFT(calc_Charts!K11,4)) -> Mar | ... AA23: =IF(LEFT(calc_Charts!Z11,4)=LEFT(calc_Charts!AA11,4),"",LEFT(calc_Charts!AA11,4))
B25: Naphtha-Propane | C25: =calc_Charts!C20-calc_Charts!C25 -> 0 | D25: =calc_Charts!D20-calc_Charts!D25 -> 48 | E25: =calc_Charts!E20-calc_Charts!E25 -> 34 | F25: =calc_Charts!F20-calc_Charts!F25 -> 39 | G25: =calc_Charts!G20-calc_Charts!G25 -> 37 | H25: =calc_Charts!H20-calc_Charts!H25 -> 22 | I25: =calc_Charts!I20-calc_Charts!I25 -> 47 | J25: =calc_Charts!J20-calc_Charts!J25 -> 24 | ... AA25: =calc_Charts!AA20-calc_Charts!AA25 -> #N/A
B26: Naphtha-Butane | C26: =calc_Charts!C20-calc_Charts!C30 -> 40 | D26: =calc_Charts!D20-calc_Charts!D30 -> 30 | E26: =calc_Charts!E20-calc_Charts!E30 -> 40 | F26: =calc_Charts!F20-calc_Charts!F30 -> 44 | G26: =calc_Charts!G20-calc_Charts!G30 -> 47 | H26: =calc_Charts!H20-calc_Charts!H30 -> 48 | I26: =calc_Charts!I20-calc_Charts!I30 -> 73 | J26: =calc_Charts!J20-calc_Charts!J30 -> 68 | ... AA26: =calc_Charts!AA20-calc_Charts!AA30 -> #N/A
C28: =calc_MCP!D8 -> 2025 | D28: =IF(calc_MCP!E8>calc_MCP!D8,calc_MCP!E8,"") | E28: =IF(calc_MCP!F8>calc_MCP!E8,calc_MCP!F8,"") | F28: =IF(calc_MCP!G8>calc_MCP!F8,calc_MCP!G8,"") | G28: =IF(calc_MCP!H8>calc_MCP!G8,calc_MCP!H8,"") | H28: =IF(calc_MCP!I8>calc_MCP!H8,calc_MCP!I8,"") | I28: =IF(calc_MCP!J8>calc_MCP!I8,calc_MCP!J8,"") | J28: =IF(calc_MCP!K8>calc_MCP!J8,calc_MCP!K8,"") -> 2026 | K28: =IF(calc_MCP!L8>calc_MCP!K8,calc_MCP!L8,"") | ... O28: =IF(calc_MCP!P8>calc_MCP!O8,calc_MCP!P8,"")
C29: =calc_MCP!D9 -> June | E29: =calc_MCP!F9 -> Aug | G29: =calc_MCP!H9 -> Oct | I29: =calc_MCP!J9 -> Dec | K29: =calc_MCP!L9 -> Feb | M29: =calc_MCP!N9 -> Apr | O29: =calc_MCP!P9 -> June
B30: BD contract USA | C30: =calc_MCP!D14 -> 1015 | D30: =calc_MCP!E14 -> 1015 | E30: =calc_MCP!F14 -> 1005 | F30: =calc_MCP!G14 -> 1005 | G30: =calc_MCP!H14 -> 1005 | H30: =calc_MCP!I14 -> 980 | I30: =calc_MCP!J14 -> 980 | J30: =calc_MCP!K14 -> 950 | ... O30: =calc_MCP!P14 -> 1555
B32: С3 CIF NWE* | C32: =calc_Charts!C39 -> 779.06977 | D32: =calc_Charts!D39 -> 810.46512 | E32: =calc_Charts!E39 -> 819.76744 | F32: =calc_Charts!F39 -> 873.80952 | G32: =calc_Charts!G39 -> 864.70588 | H32: =calc_Charts!H39 -> 895.2381 | I32: =calc_Charts!I39 -> 915.29412 | J32: =calc_Charts!J39 -> 988.23529 | ... AB32: =calc_Charts!AB39 -> #N/A | AC32: это в долларах
B33: C3 CFR China | C33: =calc_Charts!C44 -> 745 | D33: =calc_Charts!D44 -> 770 | E33: =calc_Charts!E44 -> 785 | F33: =calc_Charts!F44 -> 820 | G33: =calc_Charts!G44 -> 825 | H33: =calc_Charts!H44 -> 825 | I33: =calc_Charts!I44 -> 825 | J33: =calc_Charts!J44 -> 840 | ... AB33: =calc_Charts!AB44 -> #N/A
B34: C3 FD US Gulf | C34: =calc_Charts!C71 -> #N/A | D34: =calc_Charts!D71 -> #N/A | E34: =calc_Charts!E71 -> #N/A | F34: =calc_Charts!F71 -> #N/A | G34: =calc_Charts!G71 -> #N/A | H34: =calc_Charts!H71 -> #N/A | I34: =calc_Charts!I71 -> #N/A | J34: =calc_Charts!J71 -> #N/A | ... AA34: =calc_Charts!AA71 -> #N/A
B37: PP homo CFR China | C37: =calc_Charts!C55 -> 767.5 | D37: =calc_Charts!D55 -> 765 | E37: =calc_Charts!E55 -> 767.5 | F37: =calc_Charts!F55 -> 760 | G37: =calc_Charts!G55 -> 765 | H37: =calc_Charts!H55 -> 765 | I37: =calc_Charts!I55 -> 795 | J37: =calc_Charts!J55 -> 795 | ... AB37: =calc_Charts!AB55 -> #N/A
B38: C3 CFR China | C38: =calc_Charts!C44 -> 745 | D38: =calc_Charts!D44 -> 770 | E38: =calc_Charts!E44 -> 785 | F38: =calc_Charts!F44 -> 820 | G38: =calc_Charts!G44 -> 825 | H38: =calc_Charts!H44 -> 825 | I38: =calc_Charts!I44 -> 825 | J38: =calc_Charts!J44 -> 840 | ... AB38: =calc_Charts!AB44 -> #N/A
B39: Naphtha CFR Japan | C39: =calc_Charts!C61 -> 534 | D39: =calc_Charts!D61 -> 560 | E39: =calc_Charts!E61 -> 559 | F39: =calc_Charts!F61 -> 585 | G39: =calc_Charts!G61 -> 598 | H39: =calc_Charts!H61 -> 612 | I39: =calc_Charts!I61 -> 594 | J39: =calc_Charts!J61 -> 616 | ... AB39: =calc_Charts!AB61 -> #N/A
B42: Naphtha CIF ARA | C42: =calc_Charts!C20 -> 489 | D42: =calc_Charts!D20 -> 536 | E42: =calc_Charts!E20 -> 531 | F42: =calc_Charts!F20 -> 548 | G42: =calc_Charts!G20 -> 558 | H42: =calc_Charts!H20 -> 575 | I42: =calc_Charts!I20 -> 558 | J42: =calc_Charts!J20 -> 575 | ... AA42: =calc_Charts!AA20 -> #N/A
B43: Propane CIF ARA | C43: =calc_Charts!C91 -> 489 | D43: =calc_Charts!D91 -> 488 | E43: =calc_Charts!E91 -> 497 | F43: =calc_Charts!F91 -> 509 | G43: =calc_Charts!G91 -> 521 | H43: =calc_Charts!H91 -> 553 | I43: =calc_Charts!I91 -> 511 | J43: =calc_Charts!J91 -> 551 | ... AA43: =calc_Charts!AA91 -> #N/A
B44: Butane CIF ARA | C44: =calc_Charts!C96 -> 449 | D44: =calc_Charts!D96 -> 506 | E44: =calc_Charts!E96 -> 491 | F44: =calc_Charts!F96 -> 504 | G44: =calc_Charts!G96 -> 511 | H44: =calc_Charts!H96 -> 527 | I44: =calc_Charts!I96 -> 485 | J44: =calc_Charts!J96 -> 507 | ... AA44: =calc_Charts!AA96 -> #N/A
B47: GPPS FD NWE | C47: =calc_Charts!C81 -> #N/A | D47: =calc_Charts!D81 -> #N/A | E47: =calc_Charts!E81 -> #N/A | F47: =calc_Charts!F81 -> #N/A | G47: =calc_Charts!G81 -> #N/A | H47: =calc_Charts!H81 -> #N/A | I47: =calc_Charts!I81 -> #N/A | J47: =calc_Charts!J81 -> #N/A | ... AA47: =calc_Charts!AA81 -> #N/A
B48: Styrene FOB ARA | C48: =C32 -> 779.06977 | D48: =D32 -> 810.46512 | E48: =E32 -> 819.76744 | F48: =F32 -> 873.80952 | G48: =G32 -> 864.70588 | H48: =H32 -> 895.2381 | I48: =I32 -> 915.29412 | J48: =J32 -> 988.23529 | ... AA48: =AA32 -> #N/A
B49: Benzene CIF Rotterdam | C49: =C33 -> 745 | D49: =D33 -> 770 | E49: =E33 -> 785 | F49: =F33 -> 820 | G49: =G33 -> 825 | H49: =H33 -> 825 | I49: =I33 -> 825 | J49: =J33 -> 840 | ... AA49: =AA33 -> #N/A
B52: GPPS CFR China | C52: =calc_Charts!C91 -> 489 | D52: =calc_Charts!D91 -> 488 | E52: =calc_Charts!E91 -> 497 | F52: =calc_Charts!F91 -> 509 | G52: =calc_Charts!G91 -> 521 | H52: =calc_Charts!H91 -> 553 | I52: =calc_Charts!I91 -> 511 | J52: =calc_Charts!J91 -> 551 | ... AA52: =calc_Charts!AA91 -> #N/A
B53: Styrene CFR China | C53: =calc_Charts!C96 -> 449 | D53: =calc_Charts!D96 -> 506 | E53: =calc_Charts!E96 -> 491 | F53: =calc_Charts!F96 -> 504 | G53: =calc_Charts!G96 -> 511 | H53: =calc_Charts!H96 -> 527 | I53: =calc_Charts!I96 -> 485 | J53: =calc_Charts!J96 -> 507 | ... AA53: =calc_Charts!AA96 -> #N/A
B54: Benzene FOB Korea | C54: =C38 -> 745 | D54: =D38 -> 770 | E54: =E38 -> 785 | F54: =F38 -> 820 | G54: =G38 -> 825 | H54: =H38 -> 825 | I54: =I38 -> 825 | J54: =J38 -> 840 | ... AA54: =AA38 -> #N/A
B57: Styrene FOB US Gulf | C57: =calc_Charts!C106 -> #N/A | D57: =calc_Charts!D106 -> #N/A | E57: =calc_Charts!E106 -> #N/A | F57: =calc_Charts!F106 -> #N/A | G57: =calc_Charts!G106 -> #N/A | H57: =calc_Charts!H106 -> #N/A | I57: =calc_Charts!I106 -> #N/A | J57: =calc_Charts!J106 -> #N/A | ... AA57: =calc_Charts!AA106 -> #N/A
B58: Benzene DDP US Gulf | C58: =calc_Charts!C111 -> #N/A | D58: =calc_Charts!D111 -> #N/A | E58: =calc_Charts!E111 -> #N/A | F58: =calc_Charts!F111 -> #N/A | G58: =calc_Charts!G111 -> #N/A | H58: =calc_Charts!H111 -> #N/A | I58: =calc_Charts!I111 -> #N/A | J58: =calc_Charts!J111 -> #N/A | ... AA58: =calc_Charts!AA111 -> #N/A
B61: Ethylene FD US Gulf | C61: =calc_Charts!C120 -> #N/A | D61: =calc_Charts!D120 -> #N/A | E61: =calc_Charts!E120 -> #N/A | F61: =calc_Charts!F120 -> #N/A | G61: =calc_Charts!G120 -> #N/A | H61: =calc_Charts!H120 -> #N/A | I61: =calc_Charts!I120 -> #N/A | J61: =calc_Charts!J120 -> #N/A | ... AA61: =calc_Charts!AA120 -> #N/A
B64: FOB ARA | C64: =C32 -> 779.06977 | D64: =D32 -> 810.46512 | E64: =E32 -> 819.76744 | F64: =F32 -> 873.80952 | G64: =G32 -> 864.70588 | H64: =H32 -> 895.2381 | I64: =I32 -> 915.29412 | J64: =J32 -> 988.23529 | ... AA64: =AA32 -> #N/A
B65: CFR China | C65: =C53 -> 449 | D65: =D53 -> 506 | E65: =E53 -> 491 | F65: =F53 -> 504 | G65: =G53 -> 511 | H65: =H53 -> 527 | I65: =I53 -> 485 | J65: =J53 -> 507 | ... AA65: =AA53 -> #N/A
B66: FCA Volga Russia | C66: =C25/1.2/calc_Charts!C123 -> 0 | D66: =D25/1.2/calc_Charts!D123 -> 0.50910017 | E66: =E25/1.2/calc_Charts!E123 -> 0.36549708 | F66: =F25/1.2/calc_Charts!F123 -> 0.42611774 | G66: =G25/1.2/calc_Charts!G123 -> 0.40090149 | H66: =H25/1.2/calc_Charts!H123 -> 0.2366813 | I66: =I25/1.2/calc_Charts!I123 -> 0.51433574 | J66: =J25/1.2/calc_Charts!J123 -> 0.26154047 | ... AA66: =AA25/1.2/calc_Charts!AA123 -> #N/A
B67: FOB US Gulf | C67: =C57 -> #N/A | D67: =D57 -> #N/A | E67: =E57 -> #N/A | F67: =F57 -> #N/A | G67: =G57 -> #N/A | H67: =H57 -> #N/A | I67: =I57 -> #N/A | J67: =J57 -> #N/A | ... AA67: =AA57 -> #N/A
B71: CIF ARA | C71: =C49 -> 745 | D71: =D49 -> 770 | E71: =E49 -> 785 | F71: =F49 -> 820 | G71: =G49 -> 825 | H71: =H49 -> 825 | I71: =I49 -> 825 | J71: =J49 -> 840 | ... AA71: =AA49 -> #N/A
B72: FOB Korea | C72: =C54 -> 745 | D72: =D54 -> 770 | E72: =E54 -> 785 | F72: =F54 -> 820 | G72: =G54 -> 825 | H72: =H54 -> 825 | I72: =I54 -> 825 | J72: =J54 -> 840 | ... AA72: =AA54 -> #N/A
B73: FCA Siberian FD Russia | C73: =C27/1.2/calc_Charts!C123 -> 0 | D73: =D27/1.2/calc_Charts!D123 -> 0 | E73: =E27/1.2/calc_Charts!E123 -> 0 | F73: =F27/1.2/calc_Charts!F123 -> 0 | G73: =G27/1.2/calc_Charts!G123 -> 0 | H73: =H27/1.2/calc_Charts!H123 -> 0 | I73: =I27/1.2/calc_Charts!I123 -> 0 | J73: =J27/1.2/calc_Charts!J123 -> 0 | ... AA73: =AA27/1.2/calc_Charts!AA123 -> #N/A
B74: DDP US Gulf | C74: =C58 -> #N/A | D74: =D58 -> #N/A | E74: =E58 -> #N/A | F74: =F58 -> #N/A | G74: =G58 -> #N/A | H74: =H58 -> #N/A | I74: =I58 -> #N/A | J74: =J58 -> #N/A | ... AA74: =AA58 -> #N/A
B77: Spreads
B78: Styrene FOB | C78: =C32-C33 -> 34.069767 | D78: =D32-D33 -> 40.465116 | E78: =E32-E33 -> 34.767442 | F78: =F32-F33 -> 53.809524 | G78: =G32-G33 -> 39.705882 | H78: =H32-H33 -> 70.238095 | I78: =I32-I33 -> 90.294118 | J78: =J32-J33 -> 148.23529 | ... AA78: =AA32-AA33 -> #N/A
B79: Phenol FOB | C79: =calc_Charts!C133-Charts!C33 -> 32.5 | D79: =calc_Charts!D133-Charts!D33 -> 10 | E79: =calc_Charts!E133-Charts!E33 -> -2.5 | F79: =calc_Charts!F133-Charts!F33 -> -42.5 | G79: =calc_Charts!G133-Charts!G33 -> -42.5 | H79: =calc_Charts!H133-Charts!H33 -> -42.5 | I79: =calc_Charts!I133-Charts!I33 -> 15 | J79: =calc_Charts!J133-Charts!J33 -> 0 | ... AA79: =calc_Charts!AA133-Charts!AA33 -> #N/A
B80: Acetone FOB | C80: =calc_Charts!C138-Charts!C33 -> -35 | D80: =calc_Charts!D138-Charts!D33 -> -60 | E80: =calc_Charts!E138-Charts!E33 -> -65 | F80: =calc_Charts!F138-Charts!F33 -> -80 | G80: =calc_Charts!G138-Charts!G33 -> -65 | H80: =calc_Charts!H138-Charts!H33 -> -50 | I80: =calc_Charts!I138-Charts!I33 -> -50 | J80: =calc_Charts!J138-Charts!J33 -> -55 | ... AA80: =calc_Charts!AA138-Charts!AA33 -> #N/A

Sheet Database
D1: 2020 | E1: 2020 | F1: 2020 | G1: 2020 | H1: 2020 | I1: 2020 | J1: 2020 | K1: 2020 | L1: 2020 | M1: 2020 | N1: 2020 | O1: 2020 | P1: 2020 | Q1: 2020 | R1: 2020 | S1: 2020 | T1: 2020 | U1: 2020 | V1: 2020 | W1: 2020 | X1: 2020 | Y1: 2021 | Z1: 2021 | AA1: 2021 | AB1: 2021 | AC1: 2021 | AD1: 2021 | AE1: 2021 | AF1: 2021 | AG1: 2021 | AH1: 2021 | AI1: 2021 | AJ1: 2021 | AK1: 2021 | AL1: 2021 | AM1: 2021 | AN1: 2021 | AO1: 2021 | AP1: 2021 | AQ1: 2021 | AR1: 2021 | AS1: 2021 | AT1: 2021 | AU1: 2021 | AV1: 2021 | AW1: 2021 | AX1: 2021 | AY1: 2021 | AZ1: 2021 | BA1: 2021 | BB1: 2021 | BC1: 2021 | BD1: 2021 | BE1: 2021 | BF1: 2021 | BG1: 2021 | BH1: 2021 | BI1: 2021 | BJ1: 2021 | BK1: 2021 | BL1: 2021 | BM1: 2021 | BN1: 2021 | BO1: 2021 | BP1: 2021 | BQ1: 2021 | BR1: 2021 | BS1: 2021 | BT1: 2021 | BU1: 2021 | BV1: 2021 | BW1: 2021 | BX1: 2022 | BY1: 2022 | BZ1: 2022 | CA1: 2022 | CB1: 2022 | CC1: 2022 | CD1: 2022 | CE1: 2022 | CF1: 2022 | CG1: 2022 | CH1: 2022 | CI1: 2022 | CJ1: 2022 | CK1: 2022 | CL1: 2022 | CM1: 2022 | CN1: 2022 | CO1: 2022 | CP1: 2022 | CQ1: 2022 | CR1: 2022 | CS1: 2022 | CT1: 2022 | CU1: 2022 | CV1: 2022 | CW1: 2022 | CX1: 2022 | CY1: 2022 | CZ1: 2022 | DA1: 2022 | DB1: 2022 | DC1: 2022 | DD1: 2022 | DE1: 2022 | DF1: 2022 | DG1: 2022 | DH1: 2022 | DI1: 2022 | DJ1: 2022 | DK1: 2022 | DL1: 2022 | DM1: 2022 | DN1: 2022 | DO1: 2022 | DP1: 2022 | DQ1: 2022 | DR1: 2022 | DS1: 2022 | DT1: 2022 | DU1: 2022 | DV1: 2022 | DW1: 2023 | DX1: 2023 | DY1: 2023 | DZ1: 2023 | EA1: 2023 | EB1: 2023 | EC1: 2023 | ED1: 2023 | EE1: 2023 | EF1: 2023 | EG1: 2023 | EH1: 2023 | EI1: 2023 | EJ1: 2023 | EK1: 2023 | EL1: 2023 | EM1: 2023 | EN1: 2023 | EO1: 2023 | EP1: 2023 | EQ1: 2023 | ER1: 2023 | ES1: 2023 | ET1: 2023 | EU1: 2023 | EV1: 2023 | EW1: 2023 | EX1: 2023 | EY1: 2023 | EZ1: 2023 | FA1: 2023 | FB1: 2023 | FC1: 2023 | FD1: 2023 | FE1: 2023 | FF1: 2023 | FG1: 2023 | FH1: 2023 | FI1: 2023 | FJ1: 2023 | FK1: 2023 | FL1: 2023 | FM1: 2023 | FN1: 2023 | FO1: 2023 | FP1: 2023 | FQ1: 2023 | FR1: 2023 | FS1: 2023 | FT1: 2023 | FU1: 2023 | FV1: 2024 | FW1: 2024 | FX1: 2024 | FY1: 2024 | FZ1: 2024 | GA1: 2024 | GB1: 2024 | GC1: 2024 | GD1: 2024 | GE1: 2024 | GF1: 2024 | GG1: 2024 | GH1: 2024 | GI1: 2024 | GJ1: 2024 | GK1: 2024 | GL1: 2024 | GM1: 2024 | GN1: 2024 | GO1: 2024 | GP1: 2024 | GQ1: 2024 | GR1: 2024 | GS1: 2024 | GT1: 2024 | GU1: 2024 | GV1: 2024 | GW1: 2024 | GX1: 2024 | GY1: 2024 | GZ1: 2024 | HA1: 2024 | HB1: 2024 | HC1: 2024 | HD1: 2024 | HE1: 2024 | HF1: 2024 | HG1: 2024 | HH1: 2024 | HI1: 2024 | HJ1: 2024 | HK1: 2024 | HL1: 2024 | HM1: 2024 | HN1: 2024 | HO1: 2024 | HP1: 2024 | HQ1: 2024 | HR1: 2024 | HS1: 2024 | HT1: 2024 | HU1: 2025 | HV1: 2025 | HW1: 2025 | HX1: 2025 | HY1: 2025 | HZ1: 2025 | IA1: 2025 | IB1: 2025 | IC1: 2025 | ID1: 2025 | IE1: 2025 | IF1: 2025 | IG1: 2025 | IH1: 2025 | II1: 2025 | IJ1: 2025 | IK1: 2025 | IL1: 2025 | IM1: 2025 | IN1: 2025 | IO1: 2025 | IP1: 2025 | IQ1: 2025 | IR1: 2025 | IS1: 2025 | IT1: 2025 | IU1: 2025 | IV1: 2025 | IW1: 2025 | IX1: 2025 | IY1: 2025 | IZ1: 2025 | JA1: 2025 | JB1: 2025 | JC1: 2025 | JD1: 2025 | JE1: 2025 | JF1: 2025 | JG1: 2025 | JH1: 2025 | JI1: 2025 | JJ1: 2025 | JK1: 2025 | JL1: 2025 | JM1: 2025 | JN1: 2025 | JO1: 2025 | JP1: 2025 | JQ1: 2025 | JR1: 2025 | JS1: 2025 | JT1: 2026 | JU1: 2026 | JV1: 2026 | JW1: 2026 | JX1: 2026 | JY1: 2026 | JZ1: 2026 | KA1: 2026 | KB1: 2026 | KC1: 2026 | KD1: 2026 | KE1: 2026 | KF1: 2026 | KG1: 2026 | KH1: 2026 | KI1: 2026 | KJ1: 2026 | KK1: 2026 | KL1: 2026 | KM1: 2026 | KN1: 2026 | KO1: 2026 | KP1: 2026 | KQ1: 2026 | KR1: 2026
B2: 1 | D2: Aug 7 | E2: Aug 14 | F2: Aug 21 | G2: Aug 28 | H2: Sept 4 | I2: Sept 11 | J2: Sept 18 | K2: Sept 25 | L2: Oct 2 | M2: Oct 9 | N2: Oct 16 | O2: Oct 23 | P2: Oct 30 | Q2: Nov 6 | R2: Nov 13 | S2: Nov 20 | T2: Nov 27 | U2: Dec 4 | V2: Dec 11 | W2: Dec 18 | X2: Dec 23 | Y2: Jan 8 | Z2: Jan 15 | AA2: Jan 22 | AB2: Jan 29 | AC2: Feb 5 | AD2: Feb 12 | AE2: Feb 19 | AF2: Feb 26 | AG2: Mar 5 | AH2: Mar 12 | AI2: Mar 19 | AJ2: Mar 26 | AK2: Apr 2 | AL2: Apr 9 | AM2: Apr 16 | AN2: Apr 23 | AO2: Apr 30 | AP2: May 7 | AQ2: May 14 | AR2: May 21 | AS2: May 28 | AT2: June 4 | AU2: June 11 | AV2: June 18 | AW2: June 25 | AX2: July 2 | AY2: July 9 | AZ2: July 16 | BA2: July 23 | BB2: July 30 | BC2: Aug 6 | BD2: Aug 13 | BE2: Aug 20 | BF2: Aug 27 | BG2: Sept 3 | BH2: Sept 10 | BI2: Sept 17 | BJ2: Sept 24 | BK2: Oct 1 | BL2: Oct 8 | BM2: Oct 15 | BN2: Oct 22 | BO2: Oct 29 | BP2: Nov 5 | BQ2: Nov 12 | BR2: Nov 19 | BS2: Nov 26 | BT2: Dec 3 | BU2: Dec 10 | BV2: Dec 17 | BW2: Dec 23 | BX2: Jan 7 | BY2: Jan 14 | BZ2: Jan 21 | CA2: Jan 28 | CB2: Feb 4 | CC2: Feb 11 | CD2: Feb 18 | CE2: Feb 25 | CF2: Mar 4 | CG2: Mar 11 | CH2: Mar 18 | CI2: Mar 25 | CJ2: Apr 1 | CK2: Apr 8 | CL2: Apr 15 | CM2: Apr 22 | CN2: Apr 29 | CO2: May 6 | CP2: May 13 | CQ2: May 20 | CR2: May 27 | CS2: June 3 | CT2: June 10 | CU2: June 17 | CV2: June 24 | CW2: July 1 | CX2: July 7 | CY2: July 14 | CZ2: July 21 | DA2: July 28 | DB2: Aug 4 | DC2: Aug 11 | DD2: Aug 18 | DE2: Aug 25 | DF2: Sept 1 | DG2: Sept 8 | DH2: Sept 15 | DI2: Sept 22 | DJ2: Sept 29 | DK2: Oct 6 | DL2: Oct 13 | DM2: Oct 20 | DN2: Oct 27 | DO2: Nov 3 | DP2: Nov 10 | DQ2: Nov 17 | DR2: Nov 24 | DS2: Dec 1 | DT2: Dec 8 | DU2: Dec 15 | DV2: Dec 22 | DW2: Jan 5 | DX2: Jan 12 | DY2: Jan 19 | DZ2: Jan 26 | EA2: Feb 2 | EB2: Feb 9 | EC2: Feb 16 | ED2: Feb 23 | EE2: Mar 2 | EF2: Mar 9 | EG2: Mar 16 | EH2: Mar 23 | EI2: Mar 30 | EJ2: Apr 6 | EK2: Apr 13 | EL2: Apr 20 | EM2: Apr 27 | EN2: May 4 | EO2: May 11 | EP2: May 18 | EQ2: May 25 | ER2: June 1 | ES2: June 8 | ET2: June 15 | EU2: June 22 | EV2: June 29 | EW2: July 6 | EX2: July 13 | EY2: July 20 | EZ2: July 27 | FA2: Aug 3 | FB2: Aug 10 | FC2: Aug 17 | FD2: Aug 24 | FE2: Aug 31 | FF2: Sept 7 | FG2: Sept 14 | FH2: Sept 21 | FI2: Sept 28 | FJ2: Oct 5 | FK2: Oct 12 | FL2: Oct 19 | FM2: Oct 26 | FN2: Nov 2 | FO2: Nov 9 | FP2: Nov 16 | FQ2: Nov 23 | FR2: Nov 30 | FS2: Dec 7 | FT2: Dec 14 | FU2: Dec 21 | FV2: Jan 4 | FW2: Jan 11 | FX2: Jan 18 | FY2: Jan 25 | FZ2: Feb 1 | GA2: Feb 8 | GB2: Feb 15 | GC2: Feb 22 | GD2: Feb 29 | GE2: Mar 7 | GF2: Mar 14 | GG2: Mar 21 | GH2: Mar 28 | GI2: Apr 4 | GJ2: Apr 11 | GK2: Apr 18 | GL2: Apr 25 | GM2: May 2 | GN2: May 9 | GO2: May 16 | GP2: May 23 | GQ2: May 30 | GR2: June 6 | GS2: June 13 | GT2: June 20 | GU2: June 27 | GV2: July 4 | GW2: July 11 | GX2: July 18 | GY2: July 25 | GZ2: Aug 1 | HA2: Aug 8 | HB2: Aug 15 | HC2: Aug 22 | HD2: Aug 29 | HE2: Sept 5 | HF2: Sept 12 | HG2: Sept 19 | HH2: Sept 26 | HI2: Oct 3 | HJ2: Oct 10 | HK2: Oct 17 | HL2: Oct 24 | HM2: Oct 31 | HN2: Nov 7 | HO2: Nov 14 | HP2: Nov 21 | HQ2: Nov 28 | HR2: Dec 5 | HS2: Dec 12 | HT2: Dec 19 | HU2: Jan 9 | HV2: Jan 16 | HW2: Jan 23 | HX2: Jan 30 | HY2: Feb 6 | HZ2: Feb 13 | IA2: Feb 20 | IB2: Feb 27 | IC2: Mar 6 | ID2: Mar 13 | IE2: Mar 20 | IF2: Mar 27 | IG2: Apr 3 | IH2: Apr 10 | II2: Apr 17 | IJ2: Apr 24 | IK2: Apr 30 | IL2: May 8 | IM2: May 15 | IN2: May 22 | IO2: May 29 | IP2: June 5 | IQ2: June 12 | IR2: June 19 | IS2: June 26 | IT2: July 3 | IU2: July 10 | IV2: July 17 | IW2: July 24 | IX2: July 31 | IY2: Aug 7 | IZ2: Aug 14 | JA2: Aug 21 | JB2: Aug 28 | JC2: Sept 4 | JD2: Sept 11 | JE2: Sept 18 | JF2: Sept 25 | JG2: Oct 2 | JH2: Oct 9 | JI2: Oct 16 | JJ2: Oct 23 | JK2: Oct 30 | JL2: Nov 6 | JM2: Nov 13 | JN2: Nov 20 | JO2: Nov 27 | JP2: Dec 4 | JQ2: Dec 11 | JR2: Dec 18 | JS2: Dec 24 | JT2: Jan 8 | JU2: Jan 15 | JV2: Jan 22 | JW2: Jan 29 | JX2: Feb 5 | JY2: Feb 12 | JZ2: Feb 19 | KA2: Feb 26 | KB2: Mar 5 | KC2: Mar 12 | KD2: Mar 19 | KE2: Mar 26 | KF2: Apr 2 | KG2: Apr 9 | KH2: Apr 16 | KI2: Apr 23 | KJ2: Apr 29 | KK2: May 7 | KL2: May 14 | KM2: May 21 | KN2: May 28 | KO2: June 4 | KP2: June 11 | KQ2: June 18 | KR2: June 25
A3: Russia | B3: 2 | C3: USD/RUB | BP3: 71.49 | BQ3: 71.2 | BR3: 72.6 | BS3: 74.6 | BT3: 74.06 | BU3: 73.6 | BV3: 73.57 | BW3: 73.79 | BX3: 74.29 | BY3: 74.57 | BZ3: 76.44 | CA3: 78.95 | CB3: 76.65 | CC3: 74.72 | CD3: 75.75 | CE3: 86.93 | CF3: 111.76 | CG3: 120.38 | CH3: 104.8 | CI3: 96.05 | CJ3: 83.41 | CK3: 76.25 | CL3: 81.29 | CM3: 75 | CN3: 72.3 | CO3: 66.24 | CP3: 65.79 | CQ3: 62.4 | CR3: 62.05 | CS3: 61.58 | CT3: 58.39 | CU3: 56.87 | CV3: 53.36 | CW3: 52.51 | CX3: 63.14 | CY3: 58.26 | CZ3: 56.48 | DA3: 60.2 | DB3: 60.26 | DC3: 60.62 | DD3: 60.76 | DE3: 60 | DF3: 60.24 | DG3: 61.18 | DH3: 59.78 | DI3: 60.87 | DJ3: 58.45 | DK3: 59.4 | DL3: 63.76 | DM3: 61.59 | DN3: 61.43 | DO3: 61.62 | DP3: 61.06 | DQ3: 60.35 | DR3: 60.5 | DS3: 60.88 | DT3: 62.57 | DU3: 63.36 | DV3: 70.53 | DW3: 71.98 | DX3: 69.02 | DY3: 68.78 | DZ3: 68.96 | EA3: 70.12 | EB3: 71.58 | EC3: 74.21 | ED3: 74.71 | EE3: 75.25 | EF3: 75.46 | EG3: 75.75 | EH3: 76.96 | EI3: 76.98 | EJ3: 79.5 | EK3: 82.09 | EL3: 81.65 | EM3: 81.63 | EN3: 79.31 | EO3: 76.69 | EP3: 80.76 | EQ3: 79.97 | ER3: 80.99 | ES3: 81.46 | ET3: 84.32 | EU3: 84.25 | EV3: 85.62 | EW3: 90.34 | EX3: 90.63 | EY3: 91.2 | EZ3: 90.05 | FA3: 92.84 | FB3: 97.4 | FC3: 96.7 | FD3: 94.44 | FE3: 95.93 | FF3: 97.84 | FG3: 95.98 | FH3: 96.62 | FI3: 96.5 | FJ3: 99.46 | FK3: 99.98 | FL3: 97.37 | FM3: 93.15 | FN3: 93.28 | FO3: 92.2 | FP3: 89.46 | FQ3: 88.16 | FR3: 88.47 | FS3: 92.78 | FT3: 89.89 | FU3: 90.41 | FV3: 89.69 | FW3: 89.39 | FX3: 88.35 | FY3: 88.28 | FZ3: 89.67 | GA3: 91.15 | GB3: 91.43 | GC3: 92.44 | GD3: 91.87 | GE3: 90.34 | GF3: 91.54 | GG3: 92.69 | GH3: 92.59 | GI3: 92.39 | GJ3: 93.22 | GK3: 94.32 | GL3: 92.51 | GM3: 91.78 | GN3: 91.82 | GO3: 91.26 | GP3: 90.19 | GQ3: 89.26 | GR3: 88.74 | GS3: 89.02 | GT3: 84.88 | GU3: 87.81 | GV3: 87.95 | GW3: 87.86 | GX3: 88.09 | GY3: 86.55 | GZ3: 86.11 | HA3: 85.95 | HB3: 90.01 | HC3: 91.69 | HD3: 91.44 | HE3: 88.93 | HF3: 91.27 | HG3: 91.67 | HH3: 92.39 | HI3: 94.51 | HJ3: 96.95 | HK3: 97.15 | HL3: 96.92 | HM3: 97.05 | HN3: 98.22 | HO3: 98.37 | HP3: 100.22 | HQ3: 108.01 | HR3: 101.56 | HS3: 103.27 | HT3: 102.78 | HU3: 101.68 | HV3: 102.81 | HW3: 98.28 | HX3: 98.01 | HY3: 98.06 | HZ3: 94.05 | IA3: 90.43 | IB3: 85.93 | IC3: 89.79 | ID3: 86.66 | IE3: 82.85 | IF3: 84.21 | IG3: 84.55 | IH3: 86.01 | II3: 82.59 | IJ3: 82.36 | IK3: 81.56 | IL3: 80.86 | IM3: 80.22 | IN3: 79.75 | IO3: 79.6 | IP3: 78.5 | IQ3: 79 | IR3: 78.72 | IS3: 78.2 | IT3: 79.02 | IU3: 78.17 | IV3: 77.96 | IW3: 78.45 | IX3: 81.83 | IY3: 80.19 | IZ3: 79.6 | JA3: 80.1 | JB3: 80.44 | JC3: 80.85 | JD3: 84.92 | JE3: 83 | JF3: 83.99 | JG3: 81.5 | JH3: 81.55 | JI3: 78.84 | JJ3: 81.65 | JK3: 79.47 | JL3: 81.19 | JM3: 81.29 | JN3: 80.94 | JO3: 78.59 | JP3: 77.96 | JQ3: 77.9 | JR3: 80.38 | JS3: 78.59 | JT3: 78.23 | JU3: 78.57 | JV3: 77.52 | JW3: 76.27 | JX3: 76.91 | JY3: 77.46 | JZ3: 76.15 | KA3: 76.47 | KB3: 77.8 | KC3: 79.07 | KD3: 83.13 | KE3: 80.72 | KF3: 80.62 | KG3: 78.3 | KH3: 75.23 | KI3: 75 | KJ3: 74.69 | KK3: 75.22 | KL3: 73.34 | KM3: 70.95 | KN3: 70.9 | KO3: 73.34
B4: 3 | C4: Propylene FCA VFD | Q4: 39,000—44,500 | R4: 39,000—44,500 | S4: 39,000—44,500 | T4: 39,000—44,500 | U4: 39,000—44,500 | V4: 42,000—48,000 | W4: 42,000—48,000 | X4: 42,000—48,000 | Y4: 42,000—48,000 | Z4: 69,000—70,000 | AA4: 69,000—70,000 | AB4: 69,000—70,000 | AC4: 69,000—70,000 | AD4: — | AE4: — | AF4: — | AG4: — | AH4: — | AI4: — | AJ4: — | AK4: — | AL4: — | AM4: — | AN4: — | AO4: — | AP4: — | AQ4: — | AR4: — | AS4: — | AT4: — | AU4: — | AV4: — | AW4: — | AX4: — | AY4: — | AZ4: 92,000—93,000 | BA4: 92,000—93,000 | BB4: 92,000—93,000 | BC4: 92,000—93,000 | BD4: 92,000—93,000 | BE4: 92,000—93,000 | BF4: 92,000—93,000 | BG4: 92,000—99,000 | BH4: 92,000—99,000 | BI4: 92,000—99,000 | BJ4: 92,000—99,000 | BK4: 103,000—105,500 | BL4: 103,000—105,500 | BM4: 103,000—109,000 | BN4: 103,000—109,000 | BO4: 103,000—109,000 | BP4: 109,000—110,000 | BQ4: 103,000—110,000 | BR4: 103,000—110,000 | BS4: 103,000—110,000 | BT4: 103,000—110,000 | BU4: 93,000—94,000 | BV4: 93,000—94,000 | BW4: 93,000—94,000 | BX4: 93,000—94,000 | BY4: — | BZ4: — | CA4: — | CB4: — | CC4: 93,000—94,000 | CD4: 93,000—94,000 | CE4: 93,000—94,000 | CF4: — | CG4: — | CH4: — | CI4: — | CJ4: 96,000—96,500 | CK4: — | CL4: — | CM4: 110,000—110,500 | CN4: 110,000—110,500 | CO4: 109,500—110,000 | CP4: 109,500—110,000 | CQ4: 109,500—110,000 | CR4: — | CS4: — | CT4: 62,000—65,000 | CU4: 62,000—65,000 | CV4: 62,000—65,000 | CW4: 62,000—65,000 | CX4: 62,000—65,000 | CY4: 62,000—65,000 | CZ4: 62,000—65,000 | DA4: 62,000—65,000 | DB4: — | DC4: — | DD4: — | DE4: — | DF4: — | DG4: — | DH4: — | DI4: — | DJ4: — | DK4: 28,800—32,400 | DL4: 28,800—32,400 | DM4: 28,800—32,400 | DN4: 28,800—32,400 | DO4: 28,800—32,400 | DP4: 28,800—32,400 | DQ4: 28,800—32,400 | DR4: 28,800—32,400 | DS4: — | DT4: 28,800—34,400 | DU4: 28,800—34,400 | DV4: 28,800—34,400 | DW4: 28,800—34,400 | DX4: 28,800—32,400 | DY4: 28,800—32,400 | DZ4: 28,800—32,400 | EA4: — | EB4: 28,800—32,400 | EC4: 28,800—32,400 | ED4: 28,800—32,400 | EE4: 28,800—32,400 | EF4: 28,800—32,400 | EG4: 28,800—32,400 | EH4: 28,800—32,400 | EI4: 28,800—32,400 | EJ4: — | EK4: — | EL4: 28,800—32,400 | EM4: 28,800—32,400 | EN4: 37,000—42,000 | EO4: 37,000—42,000 | EP4: 37,000—42,000 | EQ4: 37,000—42,000 | ER4: 37,000—42,000 | ES4: 37,000—42,000 | ET4: 37,000—42,000 | EU4: 37,000—42,000 | EV4: 37,000—42,000 | EW4: 37,000—42,000 | EX4: 41,000—45,000 | EY4: 41,000—45,000 | EZ4: 41,000—45,000 | FA4: 41,000—45,000 | FB4: 41,000—45,000 | FC4: 41,000—45,000 | FD4: 41,000—45,000 | FE4: 41,000—45,000 | FF4: 41,000—45,000 | FG4: 41,000—45,000 | FH4: 41,000—45,000 | FI4: 41,000—45,000 | FJ4: 41,000—45,000 | FK4: 41,000—45,000 | FL4: 41,000—45,000 | FM4: 41,000—45,000 | FN4: 41,000—45,000 | FO4: 45,000—50,000 | FP4: 45,000—50,000 | FQ4: 45,000—50,000 | FR4: 45,000—50,000 | FS4: 45,000—50,000 | FT4: 45,000—50,000 | FU4: 45,000—50,000 | FV4: 45,000—50,000 | FW4: 45,000—50,000 | FX4: 43,000—45,000 | FY4: 43,000—45,000 | FZ4: 43,000—45,000 | GA4: 43,000—45,000 | GB4: 43,000—45,000 | GC4: 43,000—45,000 | GD4: 43,000—45,000 | GE4: 43,000—45,000 | GF4: 55,000—62,000 | GG4: 55,000—62,000 | GH4: 55,000—62,000 | GI4: 80,000—85,000 | GJ4: 80,000—85,000 | GK4: 80,000—85,000 | GL4: 80,000—85,000 | GM4: 80,000—85,000 | GN4: 80,000—85,000 | GO4: 80,000—85,000 | GP4: 80,000—85,000 | GQ4: 80,000—85,000 | GR4: 80,000—85,000 | GS4: 80,000—85,000 | GT4: 80,000—85,000 | GU4: 80,000—85,000 | GV4: 80,000—85,000 | GW4: 80,000—85,000 | GX4: 80,000—85,000 | GY4: 80,000—85,000 | GZ4: 80,000—85,000 | HA4: 80,000—85,000 | HB4: 80,000—85,000 | HC4: 80,000—85,000 | HD4: 80,000—85,000 | HE4: 70,000—75,000 | HF4: 70,000—75,000 | HG4: 70,000—75,000 | HH4: 70,000—75,000 | HI4: 70,000—75,000 | HJ4: 70,000—75,000 | HK4: 70,000—75,000 | HL4: 70,000—75,000 | HM4: 70,000—75,000 | HN4: 60,000—65,000 | HO4: 60,000—65,000 | HP4: 60,000—65,000 | HQ4: 60,000—65,000 | HR4: 60,000—65,000 | HS4: 60,000—65,000 | HT4: 70,000—75,000 | HU4: 38,000—42,000 | HV4: 38,000—42,000 | HW4: 38,000—42,000 | HX4: 38,000—42,000 | HY4: 38,000—42,000 | HZ4: 40,000—45,000 | IA4: 40,000—45,000 | IB4: 40,000—45,000 | IC4: 58,000—63,000 | ID4: 58,000—63,000 | IE4: 58,000—63,000 | IF4: 58,000—63,000 | IG4: 58,000—63,000 | IH4: 58,000—63,000 | II4: 58,000—63,000 | IJ4: 58,000—63,000 | IK4: 58,000—63,000 | IL4: 58,000—63,000 | IM4: 58,000—63,000 | IN4: 58,000—63,000 | IO4: 58,000—63,000 | IP4: 58,000—63,000 | IQ4: 58,000—63,000 | IR4: 58,000—63,000 | IS4: 58,000—63,000 | IT4: 58,000—63,000 | IU4: 58,000—63,000 | IV4: 58,000—63,000 | IW4: 58,000—63,000 | IX4: 58,000—63,000 | IY4: 58,000—63,000 | IZ4: 58,000—63,000 | JA4: 58,000—63,000 | JB4: 58,000—63,000 | JC4: 35,000—40,000 | JD4: 35,000—40,000 | JE4: 35,000—40,000 | JF4: 35,000—40,000 | JG4: 35,000—40,000 | JH4: 35,000—40,000 | JI4: 35,000—40,000 | JJ4: 35,000—40,000 | JK4: 35,000—40,000 | JL4: 35,000—40,000 | JM4: 35,000—40,000 | JN4: 35,000—40,000 | JO4: 35,000—40,000 | JP4: 35,000—40,000 | JQ4: 35,000—40,000 | JR4: 35,000—40,000 | JS4: 35,000—40,000 | JT4: — | JU4: 35,000—40,000 | JV4: 35,000—40,000 | JW4: 35,000—40,000 | JX4: 35,000—40,000 | JY4: 35,000—40,000 | JZ4: 35,000—40,000 | KA4: 35,000—40,000 | KB4: 35,000—40,000 | KC4: 35,000—40,000 | KD4: 35,000—40,000 | KE4: 35,000—40,000 | KF4: 35,000—40,000 | KG4: 55,000—60,000 | KH4: 55,000—60,000 | KI4: 55,000—60,000 | KJ4: 55,000—60,000 | KK4: 60,000—65,000 | KL4: 60,000—65,000 | KM4: 60,000—65,000 | KN4: 60,000—65,000 | KO4: 60,000—65,000
A5: Europe | B5: 4 | C5: Propylene contract FD NWE | D5: 732.5 | E5: 732.5 | F5: 732.5 | G5: 732.5 | H5: 732.5 | I5: 732.5 | J5: 732.5 | K5: 732.5 | L5: 720 | M5: 720 | N5: 720 | O5: 720 | P5: 720 | Q5: 720 | R5: 720 | S5: 720 | T5: 720 | U5: 735 | V5: 735 | W5: 735 | X5: 735 | Y5: 800 | Z5: 800 | AA5: 800 | AB5: 800 | AC5: 885 | AD5: 885 | AE5: 885 | AF5: 885 | AG5: 970 | AH5: 970 | AI5: 970 | AJ5: 970 | AK5: 1015 | AL5: 1015 | AM5: 1015 | AN5: 1015 | AO5: 1015 | AP5: 1025 | AQ5: 1025 | AR5: 1025 | AS5: 1025 | AT5: 1065 | AU5: 1065 | AV5: 1065 | AW5: 1065 | AX5: 1115 | AY5: 1115 | AZ5: 1115 | BA5: 1115 | BB5: 1115 | BC5: 1173 | BD5: 1173 | BE5: 1173 | BF5: 1173 | BG5: 1168 | BH5: 1168 | BI5: 1168 | BJ5: 1168 | BK5: 1193 | BL5: 1193 | BM5: 1193 | BN5: 1193 | BO5: 1193 | BP5: 1288 | BQ5: 1288 | BR5: 1288 | BS5: 1288 | BT5: 1288 | BU5: 1288 | BV5: 1288 | BW5: 1288 | BX5: 1288 | BY5: 1288 | BZ5: 1288 | CA5: 1288 | CB5: 1355 | CC5: 1355 | CD5: 1355 | CE5: 1355 | CF5: 1450 | CG5: 1450 | CH5: 1450 | CI5: 1450 | CJ5: 1675 | CK5: 1675 | CL5: 1675 | CM5: 1675 | CN5: 1675 | CO5: 1610 | CP5: 1610 | CQ5: 1610 | CR5: 1610 | CS5: 1600 | CT5: 1600 | CU5: 1600 | CV5: 1600 | CW5: 1480 | CX5: 1480 | CY5: 1480 | CZ5: 1480 | DA5: 1480 | DB5: 1395 | DC5: 1395 | DD5: 1395 | DE5: 1395 | DF5: 1230 | DG5: 1230 | DH5: 1230 | DI5: 1230 | DJ5: 1230 | DK5: 1180 | DL5: 1180 | DM5: 1180 | DN5: 1180 | DO5: 1200 | DP5: 1200 | DQ5: 1200 | DR5: 1200 | DS5: 1170 | DT5: 1170 | DU5: 1170 | DV5: 1170 | DW5: 1075 | DX5: 1075 | DY5: 1075 | DZ5: 1075 | EA5: 1155 | EB5: 1155 | EC5: 1155 | ED5: 1155 | EE5: 1185 | EF5: 1185 | EG5: 1185 | EH5: 1185 | EI5: 1185 | EJ5: 1145 | EK5: 1145 | EL5: 1145 | EM5: 1145 | EN5: 1130 | EO5: 1130 | EP5: 1130 | EQ5: 1130 | ER5: 1050 | ES5: 1050 | ET5: 1050 | EU5: 1050 | EV5: 1050 | EW5: 1000 | EX5: 1000 | EY5: 1000 | EZ5: 1000 | FA5: 1000 | FB5: 1000 | FC5: 1000 | FD5: 1000 | FE5: 1000 | FF5: 1060 | FG5: 1060 | FH5: 1060 | FI5: 1060 | FJ5: 1120 | FK5: 1120 | FL5: 1120 | FM5: 1120 | FN5: 1080 | FO5: 1080 | FP5: 1080 | FQ5: 1080 | FR5: 1080 | FS5: 1050 | FT5: 1050 | FU5: 1050 | FV5: 1050 | FW5: 1050 | FX5: 1050 | FY5: 1050 | FZ5: 1065 | GA5: 1065 | GB5: 1065 | GC5: 1065 | GD5: 1065 | GE5: 1100 | GF5: 1100 | GG5: 1100 | GH5: 1100 | GI5: 1145 | GJ5: 1145 | GK5: 1145 | GL5: 1145 | GM5: 1135 | GN5: 1135 | GO5: 1135 | GP5: 1135 | GQ5: 1135 | GR5: 1105 | GS5: 1105 | GT5: 1105 | GU5: 1105 | GV5: 1105 | GW5: 1105 | GX5: 1105 | GY5: 1105 | GZ5: 1125 | HA5: 1125 | HB5: 1125 | HC5: 1125 | HD5: 1125 | HE5: 1095 | HF5: 1095 | HG5: 1095 | HH5: 1095 | HI5: 1060 | HJ5: 1060 | HK5: 1060 | HL5: 1060 | HM5: 1060 | HN5: 1085 | HO5: 1085 | HP5: 1085 | HQ5: 1085 | HR5: 1075 | HS5: 1075 | HT5: 1075 | HU5: 1075 | HV5: 1075 | HW5: 1075 | HX5: 1075 | HY5: 1127.5 | HZ5: 1127.5 | IA5: 1127.5 | IB5: 1127.5 | IC5: 1135 | ID5: 1135 | IE5: 1135 | IF5: 1135 | IG5: 1080 | IH5: 1080 | II5: 1080 | IJ5: 1080 | IK5: 1080 | IL5: 1015 | IM5: 1015 | IN5: 1015 | IO5: 1015 | IP5: 1015 | IQ5: 1015 | IR5: 1015 | IS5: 1015 | IT5: 1015 | IU5: 1015 | IV5: 1015 | IW5: 1015 | IX5: 1015 | IY5: 1005 | IZ5: 1005 | JA5: 1005 | JB5: 1005 | JC5: 1005 | JD5: 1005 | JE5: 1005 | JF5: 1005 | JG5: 1005 | JH5: 1005 | JI5: 1005 | JJ5: 1005 | JK5: 1005 | JL5: 980 | JM5: 980 | JN5: 980 | JO5: 980 | JP5: 980 | JQ5: 980 | JR5: 980 | JS5: 980 | JT5: 950 | JU5: 950 | JV5: 950 | JW5: 950 | JX5: 965 | JY5: 965 | JZ5: 965 | KA5: 965 | KB5: 1000 | KC5: 1000 | KD5: 1000 | KE5: 1000 | KF5: 1465 | KG5: 1465 | KH5: 1465 | KI5: 1465 | KJ5: 1465 | KK5: 1585 | KL5: 1585 | KM5: 1585 | KN5: 1585 | KO5: 1555 | KP5: 1555 | KQ5: 1555 | KR5: 1555
B6: 5 | C6: Propylene (CG) CIF NWE | BY6: 1198 | BZ6: 1198 | CA6: 1198 | CB6: 1198 | CC6: 1220 | CD6: 1220 | CE6: 1186 | CF6: 1238 | CG6: 1337 | CH6: 1374 | CI6: 1444 | CJ6: 1595 | CK6: 1599 | CL6: 1558 | CM6: 1544 | CN6: 1533 | CO6: 1471 | CP6: 1435 | CQ6: — | CR6: 1288 | CS6: 1292 | CT6: 1330 | CU6: 1359 | CV6: — | CW6: — | CX6: 1036 | CY6: 918 | CZ6: 918 | DA6: — | DB6: 735 | DC6: 637 | DD6: 501 | DE6: 453 | DF6: 453 | DG6: 438 | DH6: 460 | DI6: 466 | DJ6: 466 | DK6: 466 | DL6: 502 | DM6: 561 | DN6: 649 | DO6: 759 | DP6: 750 | DQ6: 780 | DR6: 900 | DS6: 819 | DT6: 702 | DU6: 702 | DV6: 702 | DW6: 721 | DX6: 726 | DY6: 753 | DZ6: 681 | EA6: 664* | EB6: 664 | EC6: 693 | ED6: 722 | EE6: 741 | EF6: 800 | EG6: 800 | EH6: 784 | EI6: 779 | EJ6: 773 | EK6: 784 | EL6: 779 | EM6: 716 | EN6: 701 | EO6: 610 | EP6: 622 | EQ6: 540 | ER6: 512 | ES6: 490 | ET6: 483 | EU6: 435 | EV6: 394 | EW6: 385 | EX6: 369 | EY6: 387 | EZ6: 440 | FA6: 462 | FB6: 520 | FC6: 552 | FD6: 531 | FE6: 542 | FF6: 502 | FG6: 570 | FH6: 557 | FI6: 535 | FJ6: 672 | FK6: 588 | FL6: 644 | FM6: 584 | FN6: 772 | FO6: 767 | FP6: 792 | FQ6: 800 | FR6: 810 | FS6: 735 | FT6: 697 | FU6: 689 | FV6: 735 | FW6: 704 | FX6: 807 | FY6: 919 | FZ6: 905 | GA6: 926 | GB6: 961 | GC6: 975 | GD6: 975 | GE6: 970 | GF6: 970 | GG6: 1024 | GH6: 1020 | GI6: 1034 | GJ6: 983 | GK6: 970 | GL6: 945 | GM6: 890 | GN6: 922 | GO6: 884 | GP6: 883 | GQ6: 852 | GR6: 832 | GS6: 881 | GT6: 850 | GU6: 849 | GV6: 832 | GW6: 807 | GX6: 851 | GY6: 862 | GZ6: 890 | HA6: 883 | HB6: 886 | HC6: 873 | HD6: 869 | HE6: 813 | HF6: 788 | HG6: 756 | HH6: 665 | HI6: 756 | HJ6: 756 | HK6: 758 | HL6: 742 | HM6: 726 | HN6: 723 | HO6: 705 | HP6: 720 | HQ6: 738 | HR6: 701 | HS6: 726 | HT6: 728 | HU6: 736 | HV6: 817 | HW6: 851 | HX6: 860 | HY6: 884 | HZ6: 895 | IA6: 936 | IB6: 941 | IC6: 940 | ID6: 941 | IE6: 901 | IF6: 887 | IG6: 864 | IH6: 843 | II6: 786 | IJ6: 766 | IK6: 759 | IL6: 772 | IM6: 761 | IN6: 752 | IO6: 709 | IP6: 709 | IQ6: 709 | IR6: 660 | IS6: 634 | IT6: 670 | IU6: 625 | IV6: 614 | IW6: 580 | IX6: 566 | IY6: 574 | IZ6: 574 | JA6: 540 | JB6: 530 | JC6: 543 | JD6: 524 | JE6: 540 | JF6: 577 | JG6: 553 | JH6: 583 | JI6: 553 | JJ6: 549 | JK6: 553 | JL6: 530 | JM6: 530 | JN6: 537 | JO6: 537 | JP6: 529 | JQ6: 510 | JR6: 553 | JS6: 511 | JT6: 632 | JU6: 627 | JV6: 637 | JW6: 637 | JX6: 637 | JY6: 664 | JZ6: 680 | KA6: 814 | KB6: 851 | KC6: 989 | KD6: 1086 | KE6: 1310 | KF6: 1256 | KG6: 1698 | KH6: 1598 | KI6: 1463 | KJ6: 1505 | KK6: 1570 | KL6: 1570 | KM6: 1536 | KN6: 1347 | KO6: 1283
B7: 6 | C7: Propylene (PG) CIF NWE | BY7: 1302 | BZ7: 1302 | CA7: 1272 | CB7: 1314 | CC7: 1301 | CD7: 1265 | CE7: 1256 | CF7: 1305 | CG7: 1367 | CH7: 1483 | CI7: 1513 | CJ7: 1675 | CK7: 1640 | CL7: 1574 | CM7: 1564 | CN7: 1491 | CO7: 1449 | CP7: 1449 | CQ7: 1249 | CR7: 1320 | CS7: 1312 | CT7: 1324 | CU7: 1356 | CV7: 1299 | CW7: 1095 | CX7: 1049 | CY7: 962 | CZ7: 962 | DA7: 837 | DB7: 712 | DC7: 657 | DD7: 540 | DE7: 485 | DF7: 468 | DG7: 465 | DH7: 460 | DI7: 466 | DJ7: 478 | DK7: 649 | DL7: 708 | DM7: 779 | DN7: 797 | DO7: 824 | DP7: 810 | DQ7: 858 | DR7: 900 | DS7: 837 | DT7: 702 | DU7: 848 | DV7: 819 | DW7: 817 | DX7: 855 | DY7: 903 | DZ7: 860 | EA7: 924 | EB7: 912 | EC7: 895 | ED7: 901 | EE7: 930 | EF7: 918 | EG7: 889 | EH7: 915 | EI7: 858 | EJ7: 871 | EK7: 908 | EL7: 916 | EM7: 905 | EN7: 825 | EO7: 678 | EP7: 689 | EQ7: 689 | ER7: 668 | ES7: 651 | ET7: 599 | EU7: 578 | EV7: 445 | EW7: 480 | EX7: 449 | EY7: 470 | EZ7: 490 | FA7: 605 | FB7: 643 | FC7: 649 | FD7: 680 | FE7: 688 | FF7: 688 | FG7: 682 | FH7: 663 | FI7: 669 | FJ7: 735 | FK7: 728 | FL7: 795 | FM7: 806 | FN7: 832 | FO7: 837 | FP7: 859 | FQ7: 856 | FR7: 853 | FS7: 767 | FT7: 769 | FU7: 761 | FV7: 819 | FW7: 866 | FX7: 941 | FY7: 982 | FZ7: 998 | GA7: 993 | GB7: 1012 | GC7: 1016 | GD7: 1016 | GE7: 1075 | GF7: 1051 | GG7: 1054 | GH7: 1050 | GI7: 1065 | GJ7: 1050 | GK7: 1048 | GL7: 1028 | GM7: 990 | GN7: 997 | GO7: 970 | GP7: 978 | GQ7: 936 | GR7: 939 | GS7: 955 | GT7: 935 | GU7: 924 | GV7: 907 | GW7: 872 | GX7: 890 | GY7: 923 | GZ7: 934 | HA7: 922 | HB7: 927 | HC7: 920 | HD7: 898 | HE7: 887 | HF7: 862 | HG7: 862 | HH7: 860 | HI7: 848 | HJ7: 838 | HK7: 852 | HL7: 805 | HM7: 800 | HN7: 807 | HO7: 789 | HP7: 788 | HQ7: 792 | HR7: 785 | HS7: 794 | HT7: 823 | HU7: 830 | HV7: 882 | HW7: 901 | HX7: 940 | HY7: 958 | HZ7: 936 | IA7: 1006 | IB7: 1019 | IC7: 1003 | ID7: 1003 | IE7: 959 | IF7: 965 | IG7: 950 | IH7: 950 | II7: 886 | IJ7: 855 | IK7: 830 | IL7: 853 | IM7: 831 | IN7: 805 | IO7: 790 | IP7: 790 | IQ7: 827 | IR7: 822 | IS7: 790 | IT7: 790 | IU7: 790 | IV7: 743 | IW7: 770 | IX7: 740 | IY7: 755 | IZ7: 755 | JA7: 750 | JB7: 730 | JC7: 775 | JD7: 775 | JE7: 775 | JF7: 759 | JG7: 754 | JH7: 743 | JI7: 717 | JJ7: 687 | JK7: 690 | JL7: 688 | JM7: 660 | JN7: 680 | JO7: 651 | JP7: 657 | JQ7: 631 | JR7: 631 | JS7: 623 | JT7: 670 | JU7: 697 | JV7: 705 | JW7: 734 | JX7: 735 | JY7: 752 | JZ7: 778 | KA7: 840 | KB7: 905 | KC7: 1024 | KD7: 1180 | KE7: 1325 | KF7: 1400 | KG7: 1810 | KH7: 1810 | KI7: 1508 | KJ7: 1505 | KK7: 1749 | KL7: 1729 | KM7: 1650 | KN7: 1420 | KO7: 1322
B8: 7 | C8: Naphtha CIF ARA | D8: 381 | E8: 380 | F8: 384 | G8: 396 | H8: 372 | I8: 344 | J8: 384 | K8: 370 | L8: 366 | M8: 400 | N8: 382 | O8: 379 | P8: 336 | Q8: 355 | R8: 368 | S8: 368 | T8: 395 | U8: 407 | V8: 437 | W8: 452 | X8: 439 | Y8: 495 | Z8: 506 | AA8: 506 | AB8: 505 | AC8: 533 | AD8: 536 | AE8: 572 | AF8: 596 | AG8: 598 | AH8: 604 | AI8: 558 | AJ8: 538 | AK8: 551 | AL8: 544 | AM8: 564 | AN8: 552 | AO8: 587 | AP8: 600 | AQ8: 589 | AR8: 575 | AS8: 604 | AT8: 617 | AU8: 624 | AV8: 627 | AW8: 658 | AX8: 675 | AY8: 664 | AZ8: 675 | BA8: 670 | BB8: 690 | BC8: 666 | BD8: 660 | BE8: 599 | BF8: 642 | BG8: 659 | BH8: 660 | BI8: 687 | BJ8: 695 | BK8: 718 | BL8: 744 | BM8: 761 | BN8: 770 | BO8: 768 | BP8: 751 | BQ8: 751 | BR8: 722 | BS8: 737 | BT8: 652 | BU8: 701 | BV8: 711 | BW8: 711 | BX8: 741 | BY8: 770 | BZ8: 800 | CA8: 811 | CB8: 833 | CC8: 862 | CD8: 846 | CE8: 932 | CF8: 1045 | CG8: 1034 | CH8: 963 | CI8: 988 | CJ8: 953 | CK8: 862 | CL8: 934 | CM8: 930 | CN8: 915 | CO8: 899 | CP8: 911 | CQ8: 886 | CR8: 870 | CS8: 841 | CT8: 812 | CU8: 778 | CV8: 798 | CW8: 792 | CX8: 805 | CY8: 742 | CZ8: 742 | DA8: 730 | DB8: 668 | DC8: 665 | DD8: 674 | DE8: 647 | DF8: 628 | DG8: 610 | DH8: 648 | DI8: 635 | DJ8: 639 | DK8: 695 | DL8: 664 | DM8: 649 | DN8: 678 | DO8: 689 | DP8: 675 | DQ8: 680 | DR8: 647 | DS8: 645 | DT8: 580 | DU8: 586 | DV8: 591 | DW8: 611 | DX8: 680 | DY8: 719 | DZ8: 729 | EA8: 726 | EB8: 699 | EC8: 723 | ED8: 716 | EE8: 730 | EF8: 701 | EG8: 601 | EH8: 648 | EI8: 683 | EJ8: 699 | EK8: 704 | EL8: 663 | EM8: 649 | EN8: 561 | EO8: 582 | EP8: 588 | EQ8: 621 | ER8: 582 | ES8: 590 | ET8: 538 | EU8: 550 | EV8: 517 | EW8: 520 | EX8: 580 | EY8: 586 | EZ8: 612 | FA8: 619 | FB8: 662 | FC8: 647 | FD8: 648 | FE8: 647 | FF8: 679 | FG8: 714 | FH8: 714 | FI8: 703 | FJ8: 646 | FK8: 633 | FL8: 655 | FM8: 641 | FN8: 634 | FO8: 613 | FP8: 630 | FQ8: 617 | FR8: 640 | FS8: 614 | FT8: 615 | FU8: 655 | FV8: 638 | FW8: 633 | FX8: 626 | FY8: 642 | FZ8: 656 | GA8: 647 | GB8: 647 | GC8: 659 | GD8: 677 | GE8: 697 | GF8: 714 | GG8: 714 | GH8: 703 | GI8: 692 | GJ8: 680 | GK8: 692 | GL8: 687 | GM8: 685 | GN8: 670 | GO8: 642 | GP8: 658 | GQ8: 665 | GR8: 614 | GS8: 656 | GT8: 682 | GU8: 690 | GV8: 702 | GW8: 688 | GX8: 695 | GY8: 674 | GZ8: 649 | HA8: 666 | HB8: 668 | HC8: 653 | HD8: 651 | HE8: 633 | HF8: 590 | HG8: 640 | HH8: 638 | HI8: 638 | HJ8: 657 | HK8: 636 | HL8: 643 | HM8: 639 | HN8: 654 | HO8: 621 | HP8: 619 | HQ8: 600 | HR8: 591 | HS8: 608 | HT8: 624 | HU8: 636 | HV8: 666 | HW8: 654 | HX8: 642 | HY8: 646 | HZ8: 662 | IA8: 665 | IB8: 650 | IC8: 595 | ID8: 610 | IE8: 609 | IF8: 619 | IG8: 613 | IH8: 492.5 | II8: 543 | IJ8: 548 | IK8: 552 | IL8: 534 | IM8: 568 | IN8: 546 | IO8: 539 | IP8: 525 | IQ8: 557 | IR8: 595 | IS8: 540 | IT8: 539.5 | IU8: 562 | IV8: 548.25 | IW8: 539 | IX8: 591 | IY8: 563.25 | IZ8: 545.25 | JA8: 551 | JB8: 566.25 | JC8: 562 | JD8: 563 | JE8: 568 | JF8: 570 | JG8: 534 | JH8: 548 | JI8: 507 | JJ8: 517.75 | JK8: 539 | JL8: 543 | JM8: 547 | JN8: 526.5 | JO8: 510 | JP8: 516 | JQ8: 516 | JR8: 492 | JS8: 507 | JT8: 489 | JU8: 536 | JV8: 531 | JW8: 548 | JX8: 558 | JY8: 575 | JZ8: 558 | KA8: 575 | KB8: 671 | KC8: 768 | KD8: 951 | KE8: 895 | KF8: 938 | KG8: 895 | KH8: 889 | KI8: 934 | KJ8: 981.75 | KK8: 885 | KL8: 930 | KM8: 870 | KN8: 751.75 | KO8: 750
B9: 8 | C9: Naphtha CIF ARA weekly min—max | D9: 363—387 | E9: 371—380 | F9: 376—385 | G9: 383—398 | H9: 373—389 | I9: 349—362 | J9: 346—389 | K9: 366—379 | L9: 363—377 | M9: 363—382 | N9: 381—390 | O9: 379—387 | P9: 335—370 | Q9: 338—357 | R9: 365—377 | S9: 364—376 | T9: 379—395 | U9: 388—408 | V9: 414.5—437.25 | W9: 424—452 | X9: 434—440 | Y9: 461—495 | Z9: 505—515 | AA9: 504—512 | AB9: 499—507 | AC9: 514—541 | AD9: 536—547 | AE9: 553—572 | AF9: 596—579 | AG9: 570—598 | AH9: 580—605 | AI9: 557—598 | AJ9: 537—558 | AK9: 551—563 | AL9: 543—557 | AM9: 543—565 | AN9: 552—569 | AO9: 559—588 | AP9: 599—614 | AQ9: 588—607 | AR9: 572—600 | AS9: 590—605 | AT9: 614—618 | AU9: 619—624 | AV9: 623—639 | AW9: 638—662 | AX9: 659—675 | AY9: 655—694 | AZ9: 674—689 | BA9: 635—670 | BB9: 678—688 | BC9: 658—668 | BD9: 650—660 | BE9: 599—644 | BF9: 630—650 | BG9: 635—659 | BH9: 656—660 | BI9: 668—692 | BJ9: 684—695 | BK9: 712—718 | BL9: 732—744 | BM9: 759—762 | BN9: 770—783 | BO9: 768—797 | BP9: 751—777 | BQ9: 751—759 | BR9: 722—742 | BS9: 720—739 | BT9: 652—688 | BU9: 670—706 | BV9: 684—711 | BW9: 662—711 | BX9: 735—741 | BY9: 770—738 | BZ9: 772—800 | CA9: 770—815 | CB9: 818—833 | CC9: 847—862 | CD9: 846—880 | CE9: 869—932 | CF9: 914—1,045 | CG9: 1,034—1,127 | CH9: 882—966 | CI9: 988—1,015 | CJ9: 953—991 | CK9: 862—939 | CL9: 883—934 | CM9: 917—930 | CN9: 842—915 | CO9: 885—899 | CP9: 887—911 | CQ9: 877—926 | CR9: 851—892 | CS9: 842—878 | CT9: 812—868 | CU9: 774—801 | CV9: 798—804 | CW9: 789—799 | CX9: 789—842 | CY9: 742—791 | CZ9: 742—766 | DA9: 730—747 | DB9: 668—702 | DC9: 659—671 | DD9: 622—674 | DE9: 647—657
B10: 9 | C10: Propylene (PG) FD NWE | BY10: 1276 | BZ10: 1324 | CA10: 1275 | CB10: 1355 | CC10: 1323 | CD10: 1311 | CE10: 1298 | CF10: 1378 | CG10: 1411 | CH10: 1483 | CI10: 1513 | CJ10: 1642 | CK10: 1615 | CL10: 1591 | CM10: 1581 | CN10: 1524 | CO10: 1481 | CP10: 1482 | CQ10: 1297 | CR10: 1336 | CS10: 1376 | CT10: 1378 | CU10: 1404 | CV10: 1299 | CW10: 1169 | CX10: 1079 | CY10: 962 | CZ10: 962 | DA10: 865 | DB10: 740 | DC10: 684 | DD10: 566 | DE10: 510 | DF10: 492 | DG10: 490 | DH10: 484 | DI10: 490 | DJ10: 502 | DK10: 590 | DL10: 649 | DM10: 720 | DN10: 743 | DO10: 880 | DP10: 960 | DQ10: 948 | DR10: 948 | DS10: 878 | DT10: 819 | DU10: 878 | DV10: 842 | DW10: 860 | DX10: 866 | DY10: 909 | DZ10: 903 | EA10: 953 | EB10: 924 | EC10: 904 | ED10: 933 | EE10: 960 | EF10: 954 | EG10: 948 | EH10: 960 | EI10: 910 | EJ10: 877 | EK10: 927 | EL10: 933 | EM10: 927 | EN10: 864 | EO10: 706 | EP10: 757 | EQ10: 718 | ER10: 706 | ES10: 662 | ET10: 614 | EU10: 630 | EV10: 557 | EW10: 500 | EX10: 499 | EY10: 550 | EZ10: 504 | FA10: 650 | FB10: 650 | FC10: 653 | FD10: 675 | FE10: 688 | FF10: 690 | FG10: 695 | FH10: 689 | FI10: 673 | FJ10: 755 | FK10: 734 | FL10: 812 | FM10: 829 | FN10: 853 | FO10: 886 | FP10: 897 | FQ10: 892 | FR10: 864 | FS10: 777 | FT10: 788 | FU10: 788 | FV10: 814 | FW10: 841 | FX10: 940 | FY10: 980 | FZ10: 987 | GA10: 980 | GB10: 980 | GC10: 985 | GD10: 1012 | GE10: 1078 | GF10: 1062 | GG10: 1067 | GH10: 1060 | GI10: 1088 | GJ10: 1060 | GK10: 1036 | GL10: 1019 | GM10: 965 | GN10: 965 | GO10: 965 | GP10: 987 | GQ10: 934 | GR10: 928 | GS10: 942 | GT10: 929 | GU10: 920 | GV10: 928 | GW10: 928 | GX10: 939 | GY10: 950 | GZ10: 982 | HA10: 968 | HB10: 968 | HC10: 945 | HD10: 955 | HE10: 903 | HF10: 887 | HG10: 876 | HH10: 876 | HI10: 882 | HJ10: 854 | HK10: 854 | HL10: 806 | HM10: 795 | HN10: 792 | HO10: 781 | HP10: 803 | HQ10: 787 | HR10: 774 | HS10: 785 | HT10: 817 | HU10: 839 | HV10: 887 | HW10: 897 | HX10: 914 | HY10: 948 | HZ10: 1003 | IA10: 1006 | IB10: 1030 | IC10: 1015 | ID10: 1015 | IE10: 965 | IF10: 999 | IG10: 950 | IH10: 930 | II10: 886 | IJ10: 860 | IK10: 840 | IL10: 842 | IM10: 822 | IN10: 805 | IO10: 790 | IP10: 782 | IQ10: 827 | IR10: 822 | IS10: 790 | IT10: 782 | IU10: 775 | IV10: 726 | IW10: 760 | IX10: 740 | IY10: 755 | IZ10: 735 | JA10: 740 | JB10: 710 | JC10: 779 | JD10: 770 | JE10: 775 | JF10: 759 | JG10: 724 | JH10: 743 | JI10: 719 | JJ10: 670 | JK10: 694 | JL10: 700 | JM10: 681 | JN10: 666 | JO10: 657 | JP10: 657 | JQ10: 631 | JR10: 631 | JS10: 623 | JT10: 670 | JU10: 675 | JV10: 680 | JW10: 741 | JX10: 743 | JY10: 752 | JZ10: 820 | KA10: 840 | KB10: 905 | KC10: 1030 | KD10: 1180 | KE10: 1325 | KF10: 1400 | KG10: 1875 | KH10: 1897 | KI10: 1678 | KJ10: 1520 | KK10: 1767 | KL10: 1744 | KM10: 1664 | KN10: 1427 | KO10: 1322
B11: 10 | C11: Phenol FOB Rotterdam | Y11: — | Z11: 951 | AA11: 1137 | AB11: 1216 | AC11: 1207 | AD11: 1252 | AE11: 1244 | AF11: 1503 | AG11: 1537 | AH11: 1647 | AI11: 1587 | AJ11: 1518 | AK11: 1832 | AL11: 2024 | AM11: 2080 | AN11: 2428 | AO11: 2548 | AP11: 2186 | AQ11: 2372 | AR11: 2289 | AS11: 1962 | AT11: 1858 | AU11: 1833 | AV11: 1778 | AW11: 1747 | AX11: 1753 | AY11: 1622 | AZ11: 1610 | BA11: 1402 | BB11: 1484 | BC11: 1425 | BD11: 1441 | BE11: 1450 | BF11: 1416 | BG11: 1495 | BH11: 1500 | BI11: 1488 | BJ11: 1434 | BK11: 1601 | BL11: 1634 | BM11: 1698 | BN11: 1734 | BO11: 1728 | BP11: 1720 | BQ11: 1731 | BR11: 1625 | BS11: 1621 | BT11: 1578 | BU11: 1638 | BV11: 1747 | BW11: 1879 | BX11: 1918 | BY11: 1777 | BZ11: 1691 | CA11: 1639 | CB11: 1624 | CC11: 1637 | CD11: 1589 | CE11: 1670 | CF11: 1624 | CG11: 1778 | CH11: 1976 | CI11: 1975 | CJ11: 1927 | CK11: 1969 | CL11: 2006 | CM11: 2017 | CN11: 2034 | CO11: 1862 | CP11: 1825 | CQ11: 1910 | CR11: 2088 | CS11: 2103 | CT11: 2289 | CU11: 2429 | CV11: 2482 | CW11: 2348 | CX11: 2154 | CY11: 1911 | CZ11: 1866 | DA11: 1677 | DB11: 1699 | DC11: 1550 | DD11: 1583 | DE11: 1414 | DF11: 1366 | DG11: 1545 | DH11: 1604 | DI11: 1601 | DJ11: 1457 | DK11: 1524 | DL11: 1580 | DM11: 1543 | DN11: 1523 | DO11: 1501 | DP11: 1476 | DQ11: 1531 | DR11: 1288 | DS11: 1243 | DT11: 1404 | DU11: 1448 | DV11: 1320 | DW11: 1367 | DX11: 1331 | DY11: 1439 | DZ11: 1489 | EA11: 1497 | EB11: 1501 | EC11: 1495 | ED11: 1466 | EE11: 1431 | EF11: 1406 | EG11: 1400 | EH11: 1429 | EI11: 1477 | EJ11: 1493 | EK11: 1505 | EL11: 1572 | EM11: 1570 | EN11: 1305 | EO11: 1289 | EP11: 1216 | EQ11: 1235 | ER11: 1219 | ES11: 1165 | ET11: 1144 | EU11: 1096 | EV11: 1011 | EW11: 966 | EX11: 979 | EY11: 962 | EZ11: 1121 | FA11: 1011 | FB11: 1008 | FC11: 1009 | FD11: 1049 | FE11: 1028 | FF11: 1062 | FG11: 1158 | FH11: 1209 | FI11: 1226 | FJ11: 1284 | FK11: 1201 | FL11: 1248 | FM11: 1157 | FN11: 1161 | FO11: 1117 | FP11: 1119 | FQ11: 1116 | FR11: 1049 | FS11: 1096 | FT11: 1096 | FU11: 1089 | FV11: 1089 | FW11: 1156 | FX11: 1226 | FY11: 1251 | FZ11: 1257 | GA11: 1314 | GB11: 1369 | GC11: 1411 | GD11: 1487 | GE11: 1470 | GF11: 1485 | GG11: 1523 | GH11: 1540 | GI11: 1478 | GJ11: 1427 | GK11: 1382 | GL11: 1375 | GM11: 1348 | GN11: 1373 | GO11: 1396 | GP11: 1438 | GQ11: 1439 | GR11: 1269 | GS11: 1281 | GT11: 1303 | GU11: 1255 | GV11: 1238 | GW11: 1253 | GX11: 1260 | GY11: 1206 | GZ11: 1183 | HA11: 1191 | HB11: 1233 | HC11: 1196 | HD11: 1206 | HE11: 1176 | HF11: 1101 | HG11: 1126 | HH11: 1096 | HI11: 1061 | HJ11: 1128 | HK11: 1046 | HL11: 1075 | HM11: 1050 | HN11: 1094 | HO11: 1030 | HP11: 986 | HQ11: 955 | HR11: 930 | HS11: 950 | HT11: 1004 | HU11: 976 | HV11: 1006 | HW11: 994 | HX11: 987 | HY11: 984 | HZ11: 1011 | IA11: 989 | IB11: 948 | IC11: 882 | ID11: 828 | IE11: 805 | IF11: 773 | IG11: 803 | IH11: 701 | II11: 784 | IJ11: 735 | IK11: 705 | IL11: 716 | IM11: 752 | IN11: 700 | IO11: 688 | IP11: 670 | IQ11: 685 | IR11: 771 | IS11: 719 | IT11: 711 | IU11: 762 | IV11: 779 | IW11: 797 | IX11: 774 | IY11: 762 | IZ11: 778 | JA11: 745 | JB11: 732 | JC11: 721 | JD11: 721 | JE11: 720 | JF11: 716 | JG11: 716 | JH11: 721 | JI11: 713 | JJ11: 707 | JK11: 739 | JL11: 733 | JM11: 766 | JN11: 777 | JO11: 813 | JP11: 807 | JQ11: 866 | JR11: 896 | JS11: 916 | JT11: 972 | JU11: 985 | JV11: 1062 | JW11: 1133 | JX11: 1068 | JY11: 1126 | JZ11: 1113 | KA11: 1111 | KB11: 1158 | KC11: 1158 | KD11: 1212 | KE11: 1351 | KF11: 1371 | KG11: 1409 | KH11: 1366 | KI11: 1314 | KJ11: 1465 | KK11: 1428 | KL11: 1409 | KM11: 1443 | KN11: 1410 | KO11: 1406
B12: 11 | C12: Propane CIF ARA | D12: 328 | E12: 323 | F12: 328 | G12: 319 | H12: 310 | I12: 298 | J12: 329 | K12: 331 | L12: 344 | M12: 380 | N12: 392 | O12: 385 | P12: 363 | Q12: 384 | R12: 391 | S12: 359 | T12: 379 | U12: 375 | V12: 417 | W12: 460 | X12: 447 | Y12: 511 | Z12: 544 | AA12: 493 | AB12: 479 | AC12: 519 | AD12: 533 | AE12: 566 | AF12: 558 | AG12: 569 | AH12: 536 | AI12: 508 | AJ12: 488 | AK12: 522 | AL12: 503 | AM12: 470 | AN12: 467 | AO12: 495 | AP12: 479 | AQ12: 476 | AR12: 480 | AS12: 506 | AT12: 517 | AU12: 549 | AV12: 558 | AW12: 601 | AX12: 633 | AY12: 619 | AZ12: 632 | BA12: 611 | BB12: 640 | BC12: 617 | BD12: 661 | BE12: 634 | BF12: 640 | BG12: 670 | BH12: 672 | BI12: 743 | BJ12: 756 | BK12: 810 | BL12: 825 | BM12: 842 | BN12: 827 | BO12: 800 | BP12: 826 | BQ12: 836 | BR12: 747 | BS12: 781 | BT12: 592 | BU12: 639 | BV12: 651 | BW12: 640 | BX12: 698 | BY12: 718 | BZ12: 693 | CA12: 693 | CB12: 712 | CC12: 728 | CD12: 743 | CE12: 843 | CF12: 948 | CG12: 877 | CH12: 797 | CI12: 890 | CJ12: 835 | CK12: 744 | CL12: 793 | CM12: 777 | CN12: 763 | CO12: 764 | CP12: 750 | CQ12: 738 | CR12: 753 | CS12: 745 | CT12: 730 | CU12: 711 | CV12: 706 | CW12: 709 | CX12: 675 | CY12: 638 | CZ12: 650 | DA12: 653 | DB12: 622 | DC12: 632 | DD12: 639 | DE12: 660 | DF12: 637 | DG12: 631 | DH12: 631 | DI12: 587 | DJ12: 558 | DK12: 585 | DL12: 558 | DM12: 547 | DN12: 580 | DO12: 602 | DP12: 587 | DQ12: 590 | DR12: 581 | DS12: 590 | DT12: 548 | DU12: 555 | DV12: 523 | DW12: 540 | DX12: 567 | DY12: 641 | DZ12: 681 | EA12: 684 | EB12: 670 | EC12: 642 | ED12: 627 | EE12: 648 | EF12: 602 | EG12: 504 | EH12: 505 | EI12: 504 | EJ12: 513 | EK12: 527 | EL12: 505 | EM12: 492 | EN12: 416 | EO12: 431 | EP12: 429 | EQ12: 438 | ER12: 401 | ES12: 416 | ET12: 407 | EU12: 436 | EV12: 417 | EW12: 413 | EX12: 466 | EY12: 481 | EZ12: 486 | FA12: 500 | FB12: 530 | FC12: 533 | FD12: 511 | FE12: 537 | FF12: 570 | FG12: 585 | FH12: 574 | FI12: 575 | FJ12: 542 | FK12: 524 | FL12: 552 | FM12: 573 | FN12: 530 | FO12: 475 | FP12: 504 | FQ12: 484 | FR12: 500 | FS12: 494 | FT12: 477 | FU12: 515 | FV12: 508 | FW12: 485 | FX12: 506 | FY12: 512 | FZ12: 525 | GA12: 529 | GB12: 559 | GC12: 530 | GD12: 531 | GE12: 556 | GF12: 540 | GG12: 532 | GH12: 523 | GI12: 542 | GJ12: 515 | GK12: 515 | GL12: 501 | GM12: 497 | GN12: 490 | GO12: 484 | GP12: 502 | GQ12: 519 | GR12: 501 | GS12: 539 | GT12: 552 | GU12: 560 | GV12: 579 | GW12: 577 | GX12: 581 | GY12: 569 | GZ12: 571 | HA12: 589 | HB12: 588 | HC12: 591 | HD12: 588 | HE12: 578 | HF12: 529 | HG12: 581 | HH12: 574 | HI12: 604 | HJ12: — | HK12: 599 | HL12: 596 | HM12: 595 | HN12: 601 | HO12: 570 | HP12: 575 | HQ12: 566 | HR12: 556 | HS12: 562 | HT12: 564 | HU12: 587 | HV12: 596 | HW12: 581 | HX12: 569 | HY12: 578 | HZ12: 575 | IA12: 558 | IB12: 561 | IC12: 550 | ID12: 530 | IE12: 551 | IF12: 567 | IG12: 572 | IH12: 376.625 | II12: 461 | IJ12: 463 | IK12: 470 | IL12: 440 | IM12: 476 | IN12: 457 | IO12: 459 | IP12: 454 | IQ12: 460 | IR12: 491 | IS12: 465 | IT12: 451 | IU12: 472 | IV12: 459 | IW12: 442 | IX12: 459 | IY12: 445 | IZ12: 435 | JA12: 432 | JB12: 453 | JC12: 466 | JD12: 477 | JE12: 482 | JF12: 477 | JG12: 435 | JH12: 443 | JI12: 413 | JJ12: 417 | JK12: 450 | JL12: 426 | JM12: 431 | JN12: 453 | JO12: 462 | JP12: 476 | JQ12: 483 | JR12: 464 | JS12: 482 | JT12: 489 | JU12: 488 | JV12: 497 | JW12: 509 | JX12: 521 | JY12: 553 | JZ12: 511 | KA12: 551 | KB12: 690 | KC12: 771 | KD12: 927 | KE12: 845 | KF12: 884 | KG12: 781 | KH12: 655 | KI12: 639 | KJ12: 662 | KK12: 620 | KL12: 663 | KM12: 602 | KN12: 585 | KO12: 618
B13: 12 | C13: Butane CIF ARA | D13: 305 | E13: 304 | F13: 306 | G13: 341 | H13: 327 | I13: 332 | J13: 374 | K13: 370 | L13: 377 | M13: 405 | N13: 397 | O13: 396 | P13: 373 | Q13: 385 | R13: 354 | S13: 353 | T13: 399 | U13: 413 | V13: 441 | W13: 456 | X13: 441 | Y13: 456 | Z13: 441 | AA13: 451 | AB13: 482 | AC13: 505 | AD13: 520 | AE13: 524 | AF13: 554 | AG13: 535 | AH13: 533 | AI13: 511 | AJ13: 492 | AK13: 519 | AL13: 507 | AM13: 496 | AN13: 428 | AO13: 463 | AP13: 492 | AQ13: 458 | AR13: 453 | AS13: 499 | AT13: 515 | AU13: 536 | AV13: 550 | AW13: 580 | AX13: 619 | AY13: 628 | AZ13: 641 | BA13: 638 | BB13: 659 | BC13: 658 | BD13: 648 | BE13: 611 | BF13: 661 | BG13: 682 | BH13: 683 | BI13: 713 | BJ13: 701 | BK13: 759 | BL13: 790 | BM13: 790 | BN13: 822 | BO13: 802 | BP13: 819 | BQ13: 820 | BR13: 770 | BS13: 776 | BT13: 654 | BU13: 694 | BV13: 704 | BW13: 704 | BX13: 754 | BY13: 784 | BZ13: 812 | CA13: 803 | CB13: 825 | CC13: 854 | CD13: 821 | CE13: 894 | CF13: 1009 | CG13: 956 | CH13: 874 | CI13: 936 | CJ13: 894 | CK13: 819 | CL13: 869 | CM13: 852 | CN13: 907 | CO13: 903 | CP13: 883 | CQ13: 855 | CR13: 840 | CS13: 806 | CT13: 766 | CU13: 723 | CV13: 719 | CW13: 674 | CX13: 650 | CY13: 595 | CZ13: 621 | DA13: 651 | DB13: 597 | DC13: 602 | DD13: 614 | DE13: 625 | DF13: 592 | DG13: 569 | DH13: 594 | DI13: 608 | DJ13: 597 | DK13: 640 | DL13: 606 | DM13: 587 | DN13: 610 | DO13: 631 | DP13: 637 | DQ13: 639 | DR13: 595 | DS13: 601 | DT13: 539 | DU13: 545 | DV13: 552 | DW13: 533 | DX13: 580 | DY13: 610 | DZ13: 622 | EA13: 658 | EB13: 686 | EC13: 705 | ED13: 697 | EE13: 702 | EF13: 657 | EG13: 529 | EH13: 517 | EI13: 533 | EJ13: 549 | EK13: 541 | EL13: 520 | EM13: 487 | EN13: 412 | EO13: 448 | EP13: 419 | EQ13: 435 | ER13: 396 | ES13: 331 | ET13: 309 | EU13: 319 | EV13: 303 | EW13: 310 | EX13: 348 | EY13: 446 | EZ13: 453 | FA13: 516 | FB13: 594 | FC13: 568 | FD13: 561 | FE13: 554 | FF13: 574 | FG13: 598 | FH13: 602 | FI13: 552 | FJ13: 522 | FK13: 509 | FL13: 527 | FM13: 516 | FN13: 524 | FO13: 504 | FP13: 531 | FQ13: 521 | FR13: 540 | FS13: 577 | FT13: 585 | FU13: 540 | FV13: 535 | FW13: 530 | FX13: 527 | FY13: 547 | FZ13: 581 | GA13: 570 | GB13: 593 | GC13: 584 | GD13: 595 | GE13: 671 | GF13: 688 | GG13: 667 | GH13: 526 | GI13: 519 | GJ13: 515 | GK13: 498 | GL13: 485 | GM13: 472 | GN13: 462 | GO13: 430 | GP13: 443 | GQ13: 455 | GR13: 423 | GS13: 457 | GT13: 479 | GU13: 486 | GV13: 541 | GW13: 530 | GX13: 535 | GY13: 535 | GZ13: 525 | HA13: 554 | HB13: 564 | HC13: 556 | HD13: 559 | HE13: 560 | HF13: 531 | HG13: 569 | HH13: 592 | HI13: 601 | HJ13: — | HK13: 599 | HL13: 612 | HM13: 611 | HN13: 631 | HO13: 557 | HP13: 555 | HQ13: 540 | HR13: 538 | HS13: 548 | HT13: 564 | HU13: 602 | HV13: 618 | HW13: 624 | HX13: 621 | HY13: 620 | HZ13: 637 | IA13: 624 | IB13: 579 | IC13: 535 | ID13: 548 | IE13: 549 | IF13: 551 | IG13: 538 | IH13: 439.875 | II13: 481 | IJ13: 483 | IK13: 485 | IL13: 454 | IM13: 480 | IN13: 462 | IO13: 495 | IP13: 447 | IQ13: 473 | IR13: 505 | IS13: 457 | IT13: 460 | IU13: 473 | IV13: 463 | IW13: 454 | IX13: 485 | IY13: 467 | IZ13: 453 | JA13: 462 | JB13: 476 | JC13: 475 | JD13: 484 | JE13: 493 | JF13: 502 | JG13: 475 | JH13: 494 | JI13: 463 | JJ13: 472 | JK13: 490 | JL13: 499 | JM13: 501 | JN13: 494 | JO13: 483 | JP13: 491 | JQ13: 491 | JR13: 470 | JS13: 485 | JT13: 449 | JU13: 506 | JV13: 491 | JW13: 504 | JX13: 511 | JY13: 527 | JZ13: 485 | KA13: 507 | KB13: 587 | KC13: 687 | KD13: 862 | KE13: 859 | KF13: 925 | KG13: 874 | KH13: 783 | KI13: 813 | KJ13: 883 | KK13: 783 | KL13: 823 | KM13: 763 | KN13: 658 | KO13: 655
B14: 13 | C14: PP homo FD NWE | D14: 850—920 | E14: 850—950 | F14: 850—950 | G14: 890—970 | H14: 890—970 | I14: 890—970 | J14: 890—970 | K14: 890—970 | L14: 890—970 | M14: 890—970 | N14: 890—970 | O14: 890—970 | P14: 890—970 | Q14: 890—970 | R14: 890—970 | S14: 890—970 | T14: 890—970 | U14: 900—1,030 | V14: 980—1,050 | W14: 980—1,050 | X14: 980—1,050 | Y14: 980—1,050 | Z14: 1,100—1,200 | AA14: 1,100—1,200 | AB14: 1,150—1,250 | AC14: 1,250—1,350 | AD14: 1,450—1,550 | AE14: 1,450—1,550 | AF14: 1,480—1,580 | AG14: 1,480—1,580 | AH14: 1,750—1,900 | AI14: 1,800—1,900 | AJ14: 1,850—1,900 | AK14: 1,850—1,900 | AL14: 1,950—2,100 | AM14: 2,000—2,200 | AN14: 2,000—2,200 | AO14: 2,000—2,200 | AP14: 2,000—2,200 | AQ14: 1,950—2,150 | AR14: 1,950—2,000 | AS14: 1,900—2,000 | AT14: 1,900—2,000 | AU14: 1,850—1,950 | AV14: 1,550—1,750 | AW14: 1,550—1,750 | AX14: 1,550—1,750 | AY14: 1,550—1,750 | AZ14: 1,550—1,700 | BA14: 1,550—1,700 | BB14: 1,550—1,700 | BC14: 1,550—1,700 | BD14: 1,550—1,650 | BE14: 1,500—1,650 | BF14: 1,500—1,650 | BG14: 1,500—1,650 | BH14: 1,500—1,650 | BI14: 1,500—1,650 | BJ14: 1,500—1,650 | BK14: 1,550—1,650 | BL14: 1,550—1,650 | BM14: 1,550—1,650 | BN14: 1,550—1,650 | BO14: 1,550—1,650 | BP14: 1,550—1,650 | BQ14: 1,650—1,770 | BR14: 1,650—1,770 | BS14: 1,700—1,770 | BT14: 1,700—1,770 | BU14: 1,650—1,750 | BV14: 1,650—1,750 | BW14: 1,650—1,750 | BX14: 1,650—1,750 | BY14: 1,650—1,750 | BZ14: 1,650—1,750 | CA14: 1,650—1,750 | CB14: 1,650—1,750 | CC14: 1,650—1,750 | CD14: 1,650—1,750 | CE14: 1,650—1,750 | CF14: 1,690—1,750 | CG14: 1,750—1,850 | CH14: 1,770—1,870 | CI14: 1,770—1,870 | CJ14: 1,770—1,870 | CK14: 1,950—2,100 | CL14: 1,970—2,080 | CM14: 1,970—2,080 | CN14: 1,970—2,080 | CO14: 1,970—2,080 | CP14: 1,850—1,980 | CQ14: 1,850—1,980 | CR14: 1,790—1,950 | CS14: 1,790—1,950 | CT14: 1,650—1,800 | CU14: 1,670—1,780 | CV14: 1,650—1,750 | CW14: 1,650—1,750 | CX14: 1,550—1,650 | CY14: 1,450—1,590 | CZ14: 1,350—1,500 | DA14: 1,350—1,400 | DB14: 1,350—1,400 | DC14: 1,270—1,340 | DD14: 1,270—1,340 | DE14: 1,270—1,340 | DF14: 1,270—1,340 | DG14: 1,220—1,300 | DH14: 1,220—1,300 | DI14: 1,220—1,300 | DJ14: 1,220—1,300 | DK14: 1,220—1,300 | DL14: 1,220—1,300 | DM14: 1,220—1,300 | DN14: 1,250—1,300 | DO14: 1,250—1,300 | DP14: 1,250—1,300 | DQ14: 1,250—1,300 | DR14: 1,250—1,300 | DS14: 1,250—1,300 | DT14: 1,200—1,280 | DU14: 1,200—1,280 | DV14: 1,200—1,280 | DW14: 1,200—1,280 | DX14: 1,150—1,220 | DY14: 1,120—1,190 | DZ14: 1,120—1,190 | EA14: 1,120—1,190 | EB14: 1,160—1,220 | EC14: 1,180—1,220 | ED14: 1,190—1,230 | EE14: 1,190—1,230 | EF14: 1,220—1,250 | EG14: 1,230—1,290 | EH14: 1,230—1,290 | EI14: 1,230—1,290 | EJ14: 1,230—1,290 | EK14: 1,230—1,290 | EL14: 1,230—1,290 | EM14: 1,230—1,290 | EN14: 1,230—1,290 | EO14: 1,170—1,250 | EP14: 1,170—1,230 | EQ14: 1,170—1,230 | ER14: 1,170—1,230 | ES14: 1,080—1,150 | ET14: 1,050—1,120 | EU14: 1,050—1,120 | EV14: 1,050—1,080 | EW14: 990—1,050 | EX14: 970—1,030 | EY14: 970—1,030 | EZ14: 970—1,030 | FA14: 970—1,030 | FB14: 970—1,030 | FC14: 970—1,030 | FD14: 970—1,030 | FE14: 970—1,030 | FF14: 1,020—1,080 | FG14: 1,020—1,080 | FH14: 1,050—1,090 | FI14: 1,070—1,100 | FJ14: 1,070—1,100 | FK14: 1,110—1,170 | FL14: 1,140—1,170 | FM14: 1,140—1,170 | FN14: 1,140—1,170 | FO14: 1,050—1,140 | FP14: 1,050—1,100 | FQ14: 1,050—1,100 | FR14: 1,050—1,100 | FS14: 1,040—1,070 | FT14: 1,040—1,070 | FU14: 1,040—1,070 | FV14: 1,040—1,070 | FW14: 1,040—1,070 | FX14: 1,070—1,120 | FY14: 1,100—1,130 | FZ14: 1,100—1,130 | GA14: 1,200—1,250 | GB14: 1,270—1,320 | GC14: 1,250—1,320 | GD14: 1,250—1,320 | GE14: 1,250—1,320 | GF14: 1,300—1,350 | GG14: 1,300—1,350 | GH14: 1,300—1,350 | GI14: 1,300—1,350 | GJ14: 1,250—1,320 | GK14: 1,250—1,320 | GL14: 1,250—1,320 | GM14: 1,250—1,320 | GN14: 1,230—1,300 | GO14: 1,220—1,280 | GP14: 1,220—1,280 | GQ14: 1,200—1,250 | GR14: 1,200—1,250 | GS14: 1,150—1,250 | GT14: 1,150—1,250 | GU14: 1,150—1,250 | GV14: 1,150—1,250 | GW14: 1,150—1,250 | GX14: 1,150—1,250 | GY14: 1,180—1,270 | GZ14: 1,200—1,270 | HA14: 1,250—1,300 | HB14: 1,250—1,300 | HC14: 1,250—1,300 | HD14: 1,250—1,300 | HE14: 1,230—1,280 | HF14: 1,200—1,250 | HG14: 1,200—1,230 | HH14: 1,180—1,250 | HI14: 1,180—1,250 | HJ14: 1,130—1,200 | HK14: 1,130—1,200 | HL14: 1,120—1,200 | HM14: 1,100—1,180 | HN14: 1,100—1,180 | HO14: 1,080—1,160 | HP14: 1,060—1,160 | HQ14: 1,060—1,160 | HR14: 1,060—1,160 | HS14: 1,060—1,150 | HT14: 1,060—1,150 | HU14: 1,060—1,150 | HV14: 1,070—1,200 | HW14: 1,070—1,200 | HX14: 1,070—1,200 | HY14: 1,070—1,200 | HZ14: 1,100—1,220 | IA14: 1,100—1,230 | IB14: 1,100—1,230 | IC14: 1,100—1,230 | ID14: 1,100—1,230 | IE14: 1,100—1,200 | IF14: 1,100—1,200 | IG14: 1,100—1,200 | IH14: 1,100—1,200 | II14: 1,030—1,120 | IJ14: 1,030—1,120 | IK14: 1,030—1,120 | IL14: 1,020—1,100 | IM14: 1,020—1,100 | IN14: 1,020—1,100 | IO14: 1,000—1,080 | IP14: 1,000—1,080 | IQ14: 980—1,050 | IR14: 980—1,050 | IS14: 980—1,050 | IT14: 980—1,050 | IU14: 980—1,050 | IV14: 980—1,050 | IW14: 980—1,050 | IX14: 980—1,050 | IY14: 960—1,030 | IZ14: 960—1,040 | JA14: 960—1,040 | JB14: 960—1,040 | JC14: 960—1,040 | JD14: 930—1,020 | JE14: 920—1,000 | JF14: 920—1,000 | JG14: 920—1,000 | JH14: 900—980 | JI14: 900—960 | JJ14: 890—960 | JK14: 890—960 | JL14: 870—960 | JM14: 870—960 | JN14: 870—960 | JO14: 870—960 | JP14: 870—960 | JQ14: 890—970 | JR14: 890—970 | JS14: 890—970 | JT14: 890—970 | JU14: 890—970 | JV14: 890—970 | JW14: 890—970 | JX14: 890—970 | JY14: 900—970 | JZ14: 900—1,000 | KA14: 900—1,000 | KB14: 900—1,000 | KC14: 1,200—1,300 | KD14: 1,200—1,450 | KE14: 1,350—1,550 | KF14: 1,700—2,000 | KG14: 1,800—1,870 | KH14: 1,750—1,900 | KI14: 1,750—2,050 | KJ14: 1,750—2,050 | KK14: 1,750—2,050 | KL14: 1,700—2,000 | KM14: 1,700—2,000 | KN14: 1,650—1,900 | KO14: 1,650—1,900
B15: 14 | C15: PP block copolymer FD NWE | D15: 920—1,030 | E15: 920—1,050 | F15: 920—1,050 | G15: 950—1,050 | H15: 950—1,050 | I15: 950—1,050 | J15: 950—1,050 | K15: 950—1,050 | L15: 950—1,050 | M15: 950—1,050 | N15: 950—1,050 | O15: 950—1,050 | P15: 950—1,050 | Q15: 950—1,050 | R15: 950—1,050 | S15: 950—1,050 | T15: 950—1,050 | U15: 970—1,050 | V15: 1,000—1,100 | W15: 1,000—1,100 | X15: 1,000—1,100 | Y15: 1,000—1,100 | Z15: 1,150—1,250 | AA15: 1,150—1,250 | AB15: 1,200—1,300 | AC15: 1,300—1,380 | AD15: 1,500—1,600 | AE15: 1,500—1,600 | AF15: 1,570—1,600 | AG15: 1,570—1,600 | AH15: 1,800—2,000 | AI15: 1,850—2,000 | AJ15: 1,900—2,000 | AK15: 1,900—2,000 | AL15: 1,900—2,050 | AM15: 2,000—2,150 | AN15: 2,000—2,150 | AO15: 2,000—2,150 | AP15: 2,000—2,150 | AQ15: 2,000—2,150 | AR15: 2,000—2,150 | AS15: 2,000—2,100 | AT15: 2,000—2,100 | AU15: 1,950—2,050 | AV15: 1,600—1,900 | AW15: 1,600—1,900 | AX15: 1,600—1,900 | AY15: 1,600—1,900 | AZ15: 1,600—1,900 | BA15: 1,600—1,900 | BB15: 1,600—1,900 | BC15: 1,600—1,900 | BD15: 1,600—1,900 | BE15: 1,600—1,900 | BF15: 1,600—1,900 | BG15: 1,600—1,900 | BH15: 1,600—1,900 | BI15: 1,600—1,900 | BJ15: 1,600—1,900 | BK15: 1,600—1,900 | BL15: 1,680—1,900 | BM15: 1,680—1,900 | BN15: 1,680—1,900 | BO15: 1,680—1,900 | BP15: 1,680—1,900 | BQ15: 1,800—1,990 | BR15: 1,800—1,990 | BS15: 1,850—1,990 | BT15: 1,850—1,990 | BU15: 1,880—1,960 | BV15: 1,880—1,960 | BW15: 1,880—1,960 | BX15: 1,880—1,960 | BY15: 1,880—1,960 | BZ15: 1,800—1,930 | CA15: 1,800—1,930 | CB15: 1,800—1,930 | CC15: 1,800—1,930 | CD15: 1,800—1,930 | CE15: 1,800—1,930 | CF15: 1,800—1,930 | CG15: 1,850—1,950 | CH15: 1,890—1,950 | CI15: 1,890—1,950 | CJ15: 1,890—1,950 | CK15: 2,050—2,200 | CL15: 2,080—2,170 | CM15: 2,080—2,170 | CN15: 2,080—2,170 | CO15: 2,080—2,170 | CP15: 2,050—2,100 | CQ15: 2,050—2,100 | CR15: 2,000—2,080 | CS15: 2,000—2,080 | CT15: 1,900—1,990 | CU15: 1,900—1,990 | CV15: 1,900—1,990 | CW15: 1,900—1,990 | CX15: 1,700—1,850 | CY15: 1,600—1,750 | CZ15: 1,500—1,650 | DA15: 1,500—1,650 | DB15: 1,500—1,650 | DC15: 1,420—1,500 | DD15: 1,420—1,500 | DE15: 1,420—1,500 | DF15: 1,420—1,500 | DG15: 1,350—1,450 | DH15: 1,350—1,450 | DI15: 1,350—1,450 | DJ15: 1,350—1,450 | DK15: 1,350—1,450 | DL15: 1,350—1,450 | DM15: 1,350—1,450 | DN15: 1,350—1,450 | DO15: 1,350—1,450 | DP15: 1,350—1,450 | DQ15: 1,350—1,450 | DR15: 1,350—1,450 | DS15: 1,350—1,450 | DT15: 1,390—1,400 | DU15: 1,300—1,400 | DV15: 1,300—1,400 | DW15: 1,300—1,400 | DX15: 1,280—1,350 | DY15: 1,250—1,320 | DZ15: 1,250—1,320 | EA15: 1,250—1,320 | EB15: 1,280—1,320 | EC15: 1,290—1,320 | ED15: 1,300—1,340 | EE15: 1,300—1,340 | EF15: 1,300—1,350 | EG15: 1,300—1,380 | EH15: 1,300—1,380 | EI15: 1,300—1,380 | EJ15: 1,300—1,380 | EK15: 1,300—1,380 | EL15: 1,300—1,380 | EM15: 1,300—1,380 | EN15: 1,300—1,380 | EO15: 1,260—1,320 | EP15: 1,260—1,300 | EQ15: 1,260—1,300 | ER15: 1,260—1,300 | ES15: 1,140—1,200 | ET15: 1,100—1,180 | EU15: 1,100—1,180 | EV15: 1,080—1,140 | EW15: 1,050—1,120 | EX15: 1,030—1,120 | EY15: 1,030—1,120 | EZ15: 1,030—1,120 | FA15: 1,030—1,120 | FB15: 1,050—1,120 | FC15: 1,050—1,120 | FD15: 1,050—1,120 | FE15: 1,050—1,120 | FF15: 1,090—1,150 | FG15: 1,090—1,150 | FH15: 1,100—1,180 | FI15: 1,120—1,180 | FJ15: 1,120—1,180 | FK15: 1,150—1,250 | FL15: 1,180—1,250 | FM15: 1,180—1,250 | FN15: 1,180—1,250 | FO15: 1,130—1,200 | FP15: 1,120—1,180 | FQ15: 1,120—1,180 | FR15: 1,120—1,180 | FS15: 1,080—1,130 | FT15: 1,080—1,130 | FU15: 1,080—1,130 | FV15: 1,080—1,130 | FW15: 1,080—1,130 | FX15: 1,130—1,200 | FY15: 1,150—1,200 | FZ15: 1,150—1,200 | GA15: 1,220—1,300 | GB15: 1,290—1,350 | GC15: 1,260—1,350 | GD15: 1,260—1,350 | GE15: 1,260—1,350 | GF15: 1,330—1,400 | GG15: 1,330—1,400 | GH15: 1,330—1,400 | GI15: 1,330—1,400 | GJ15: 1,280—1,380 | GK15: 1,280—1,380 | GL15: 1,280—1,350 | GM15: 1,280—1,350 | GN15: 1,250—1,320 | GO15: 1,250—1,300 | GP15: 1,250—1,300 | GQ15: 1,250—1,300 | GR15: 1,250—1,300 | GS15: 1,250—1,300 | GT15: 1,250—1,300 | GU15: 1,250—1,300 | GV15: 1,250—1,320 | GW15: 1,250—1,320 | GX15: 1,250—1,320 | GY15: 1,300—1,350 | GZ15: 1,300—1,350 | HA15: 1,320—1,360 | HB15: 1,320—1,360 | HC15: 1,320—1,360 | HD15: 1,320—1,360 | HE15: 1,300—1,350 | HF15: 1,300—1,350 | HG15: 1,280—1,330 | HH15: 1,280—1,330 | HI15: 1,280—1,330 | HJ15: 1,230—1,300 | HK15: 1,230—1,300 | HL15: 1,210—1,300 | HM15: 1,200—1,250 | HN15: 1,200—1,250 | HO15: 1,180—1,230 | HP15: 1,180—1,220 | HQ15: 1,180—1,220 | HR15: 1,180—1,220 | HS15: 1,180—1,220 | HT15: 1,180—1,220 | HU15: 1,180—1,220 | HV15: 1,220—1,280 | HW15: 1,220—1,280 | HX15: 1,220—1,280 | HY15: 1,220—1,280 | HZ15: 1,250—1,320 | IA15: 1,250—1,320 | IB15: 1,250—1,320 | IC15: 1,250—1,320 | ID15: 1,250—1,320 | IE15: 1,250—1,300 | IF15: 1,250—1,300 | IG15: 1,250—1,300 | IH15: 1,250—1,300 | II15: 1,160—1,230 | IJ15: 1,160—1,230 | IK15: 1,160—1,230 | IL15: 1,160—1,200 | IM15: 1,160—1,200 | IN15: 1,160—1,200 | IO15: 1,130—1,200 | IP15: 1,130—1,200 | IQ15: 1,090—1,160 | IR15: 1,090—1,160 | IS15: 1,090—1,160 | IT15: 1,090—1,160 | IU15: 1,090—1,160 | IV15: 1,090—1,160 | IW15: 1,090—1,160 | IX15: 1,090—1,160 | IY15: 1,080—1,150 | IZ15: 1,080—1,150 | JA15: 1,080—1,150 | JB15: 1,080—1,150 | JC15: 1,080—1,150 | JD15: 1,060—1,120 | JE15: 1,030—1,100 | JF15: 1,030—1,100 | JG15: 1,030—1,100 | JH15: 1,030—1,080 | JI15: 1,020—1,080 | JJ15: 1,000—1,060 | JK15: 1,000—1,060 | JL15: 980—1,060 | JM15: 980—1,060 | JN15: 980—1,060 | JO15: 980—1,060 | JP15: 980—1,060 | JQ15: 990—1,080 | JR15: 990—1,080 | JS15: 990—1,080 | JT15: 990—1,080 | JU15: 1,000—1,080 | JV15: 1,000—1,080 | JW15: 1,000—1,080 | JX15: 1,000—1,080 | JY15: 1,020—1,080 | JZ15: 1,020—1,080 | KA15: 1,020—1,080 | KB15: 1,020—1,080 | KC15: 1,250—1,350 | KD15: 1,400—1,550 | KE15: 1,550—1,780 | KF15: 1,850—2,000 | KG15: 1,850—2,000 | KH15: 1,850—2,000 | KI15: 1,850—2,100 | KJ15: 1,850—2,100 | KK15: 1,850—2,100 | KL15: 1,850—2,100 | KM15: 1,850—2,100 | KN15: 1,750—1,950 | KO15: 1,750—1,950
B16: 15 | C16: Acetone FOB Rotterdam | Y16: — | Z16: 1276 | AA16: 1636 | AB16: 1824 | AC16: 1864 | AD16: 1875 | AE16: 1877 | AF16: 1909 | AG16: 1944 | AH16: 1962 | AI16: 1963 | AJ16: 1958 | AK16: 1993 | AL16: 2085 | AM16: 2100 | AN16: 2034 | AO16: 2017 | AP16: 1923 | AQ16: 1947 | AR16: 1709 | AS16: 1713 | AT16: 1714 | AU16: 1705 | AV16: 1455 | AW16: 1399 | AX16: 1251 | AY16: 1242 | AZ16: 1211 | BA16: 1035 | BB16: 1065 | BC16: 1067 | BD16: 996 | BE16: 996 | BF16: 999 | BG16: 932 | BH16: 888 | BI16: 875 | BJ16: 867 | BK16: 788 | BL16: 749 | BM16: 727 | BN16: 698 | BO16: 696 | BP16: 695 | BQ16: 695 | BR16: 681 | BS16: 676 | BT16: 677 | BU16: 674 | BV16: 676 | BW16: 687 | BX16: 683 | BY16: 683 | BZ16: 601 | CA16: 598 | CB16: 619 | CC16: 628 | CD16: 716 | CE16: 715 | CF16: 700 | CG16: 816 | CH16: — | CI16: 1300 | CJ16: 1310 | CK16: 1366 | CL16: 1358 | CM16: 1349 | CN16: 1333 | CO16: 1107 | CP16: 1106 | CQ16: 1096 | CR16: 1073 | CS16: 1072 | CT16: 1070 | CU16: 990 | CV16: 940 | CW16: 926 | CX16: 860 | CY16: 755 | CZ16: 768 | DA16: 759 | DB16: 765 | DC16: 746 | DD16: 743 | DE16: 729 | DF16: 732 | DG16: 724 | DH16: 830 | DI16: 829 | DJ16: 710 | DK16: 768 | DL16: 758 | DM16: 855 | DN16: 868 | DO16: 888 | DP16: 1008 | DQ16: 986 | DR16: 986 | DS16: 982 | DT16: 1073 | DU16: — | DV16: 956 | DW16: 950 | DX16: 977 | DY16: 983 | DZ16: 1023 | EA16: 1021 | EB16: 1048 | EC16: 1179 | ED16: 1254 | EE16: 1273 | EF16: 1290 | EG16: 1318 | EH16: 1374 | EI16: 1372 | EJ16: 1315 | EK16: 1277 | EL16: 1283 | EM16: 1285 | EN16: 1098 | EO16: 986 | EP16: 978 | EQ16: 970 | ER16: 965 | ES16: 936 | ET16: 864 | EU16: 872 | EV16: 865 | EW16: 817 | EX16: 824 | EY16: 842 | EZ16: 939 | FA16: 822 | FB16: 821 | FC16: 820 | FD16: 814 | FE16: 813 | FF16: 802 | FG16: 857 | FH16: — | FI16: 1206 | FJ16: 1150 | FK16: 1166 | FL16: 1164 | FM16: 1164 | FN16: 1162 | FO16: 1154 | FP16: 1118 | FQ16: 1093 | FR16: 1099 | FS16: 1079 | FT16: 1079 | FU16: 1065 | FV16: 1065 | FW16: 1038 | FX16: 1034 | FY16: 997 | FZ16: 997 | GA16: 1010 | GB16: 1050 | GC16: 1271 | GD16: 1302 | GE16: 1304 | GF16: 1310 | GG16: 1303 | GH16: 1288 | GI16: 1265 | GJ16: 1237 | GK16: 1190 | GL16: 1193 | GM16: 1176 | GN16: 1185 | GO16: 1190 | GP16: 1194 | GQ16: 1196 | GR16: 1143 | GS16: 1180 | GT16: 1203 | GU16: 1210 | GV16: 1213 | GW16: 1189 | GX16: 1175 | GY16: 1140 | GZ16: 1134 | HA16: 1147 | HB16: 1150 | HC16: 1166 | HD16: 1172 | HE16: 1159 | HF16: 1202 | HG16: — | HH16: — | HI16: 1140 | HJ16: 1129 | HK16: 1123 | HL16: 1070 | HM16: 1069 | HN16: 1064 | HO16: 955 | HP16: 955 | HQ16: 922 | HR16: 883 | HS16: 883 | HT16: 861 | HU16: 829 | HV16: 792 | HW16: 771 | HX16: 782 | HY16: 784 | HZ16: 781 | IA16: 816 | IB16: 819 | IC16: 821 | ID16: 819 | IE16: 820 | IF16: 811 | IG16: 811 | IH16: 797 | II16: 826 | IJ16: 826 | IK16: 735 | IL16: 738 | IM16: 726 | IN16: 709 | IO16: 680 | IP16: 683 | IQ16: 605 | IR16: 599 | IS16: 606 | IT16: 612 | IU16: 609 | IV16: 615 | IW16: 598 | IX16: 577 | IY16: 579 | IZ16: 573 | JA16: 572 | JB16: 571 | JC16: 560 | JD16: 551 | JE16: 557 | JF16: 542 | JG16: 539 | JH16: 514 | JI16: 487 | JJ16: 465 | JK16: 466 | JL16: 460 | JM16: 464 | JN16: 463 | JO16: 451 | JP16: 441 | JQ16: 442 | JR16: 472 | JS16: 495 | JT16: 527 | JU16: 640 | JV16: 704 | JW16: 778 | JX16: 886 | JY16: 893 | JZ16: 887 | KA16: 884 | KB16: 927 | KC16: 1048 | KD16: 1355 | KE16: 1391 | KF16: 1614 | KG16: 1852 | KH16: 1888 | KI16: 1880 | KJ16: 1880 | KK16: 1756 | KL16: 1583 | KM16: 1507 | KN16: 1441 | KO16: 1373
A17: Asia | B17: 16 | C17: Ethylene CFR NEA | BP17: 1200 | BQ17: 1160 | BR17: 1150 | BS17: 1130 | BT17: 1100 | BU17: 1060 | BV17: 1060 | BW17: 1055 | BX17: 1020 | BY17: 975 | BZ17: 925 | CA17: 980 | CB17: 1000 | CC17: 1190 | CD17: 1210 | CE17: 1260 | CF17: 1250 | CG17: 1360 | CH17: 1300 | CI17: 1350 | CJ17: 1400 | CK17: 1380 | CL17: 1310 | CM17: 1310 | CN17: 1240 | CO17: 1210 | CP17: 1170 | CQ17: 1100 | CR17: 1070 | CS17: 1050 | CT17: 1030 | CU17: 1010 | CV17: 980 | CW17: 950 | CX17: 920 | CY17: 890 | CZ17: 875 | DA17: 900 | DB17: 900 | DC17: 860
B18: 17 | C18: Naphtha CFR Japan | H18: 414 | I18: 383 | J18: 416 | K18: 408 | L18: 386 | M18: 416 | N18: 400 | O18: 383 | P18: 363 | Q18: 377 | R18: 384 | S18: 388 | T18: 403 | U18: 418 | V18: 441 | W18: 473 | X18: 454 | Y18: 506 | Z18: 529 | AA18: 517 | AB18: 516 | AC18: 549 | AD18: 547 | AE18: 580 | AF18: 610 | AG18: 591 | AH18: 616 | AI18: 590 | AJ18: 570 | AK18: 562 | AL18: 561 | AM18: 577 | AN18: 559 | AO18: 591 | AP18: 609 | AQ18: 607 | AR18: 591 | AS18: 605 | AT18: 633 | AU18: 637 | AV18: 640 | AW18: 663 | AX18: 678 | AY18: 659 | AZ18: 679 | BA18: 673 | BB18: 700 | BC18: 655 | BD18: 672 | BE18: 608 | BF18: 640 | BG18: 653 | BH18: 673 | BI18: 697 | BJ18: 704 | BK18: 722 | BL18: 727 | BM18: 778 | BN18: 783 | BO18: 782 | BP18: 792 | BQ18: 779 | BR18: 739 | BS18: 755 | BT18: 660 | BU18: 714 | BV18: 707 | BW18: 697 | BX18: 732 | BY18: 769 | BZ18: 785 | CA18: 805 | CB18: 819 | CC18: 842 | CD18: 843 | CE18: 922 | CF18: 1112 | CG18: 1064 | CH18: 909 | CI18: 1013 | CJ18: 924 | CK18: 871 | CL18: 943 | CM18: 913 | CN18: 890 | CO18: 898 | CP18: 915 | CQ18: 882 | CR18: 867 | CS18: 844 | CT18: 841 | CU18: 799 | CV18: 794 | CW18: 831 | CX18: 800 | CY18: 768 | CZ18: 756 | DA18: 773 | DB18: 727 | DC18: 715 | DD18: 660 | DE18: 680 | DF18: 639 | DG18: 659 | DH18: 676 | DI18: 681 | DJ18: 665 | DK18: 703 | DL18: 680 | DM18: 656 | DN18: 680 | DO18: 690 | DP18: 696 | DQ18: 716 | DR18: 704 | DS18: 667 | DT18: 623 | DU18: 640 | DV18: 626 | DW18: 639 | DX18: 672 | DY18: 707 | DZ18: 711 | EA18: 705 | EB18: 707 | EC18: 722 | ED18: 722 | EE18: 726 | EF18: 713 | EG18: 669 | EH18: 625 | EI18: 666 | EJ18: 689 | EK18: 690 | EL18: 659 | EM18: 654 | EN18: 584 | EO18: 607 | EP18: 577 | EQ18: 602 | ER18: 570 | ES18: 567 | ET18: 546 | EU18: 531 | EV18: 512 | EW18: 512 | EX18: 580 | EY18: 588 | EZ18: 615 | FA18: 656 | FB18: 661 | FC18: 643 | FD18: 655 | FE18: 665 | FF18: 679 | FG18: 717 | FH18: 708 | FI18: 708 | FJ18: 679 | FK18: 662 | FL18: 673 | FM18: 660 | FN18: 646 | FO18: 631 | FP18: 649 | FQ18: 656 | FR18: 660 | FS18: 650 | FT18: 638 | FU18: 693 | FV18: 636 | FW18: 650 | FX18: 659 | FY18: 677 | FZ18: 696 | GA18: 666 | GB18: 706 | GC18: 671 | GD18: 686 | GE18: 686 | GF18: 711 | GG18: 718 | GH18: 709 | GI18: 696 | GJ18: 706 | GK18: 711 | GL18: 711 | GM18: 713 | GN18: 667 | GO18: 659 | GP18: 676 | GQ18: 693 | GR18: 648 | GS18: 677 | GT18: 694 | GU18: 707 | GV18: 718 | GW18: 693 | GX18: 695 | GY18: 687 | GZ18: 672 | HA18: 660 | HB18: 683 | HC18: 668 | HD18: 671 | HE18: 648 | HF18: 624 | HG18: 651 | HH18: 659 | HI18: 675 | HJ18: 688 | HK18: 661 | HL18: 673 | HM18: 655 | HN18: 662 | HO18: 636 | HP18: 641 | HQ18: 629 | HR18: 629 | HS18: 634 | HT18: 641 | HU18: 668 | HV18: 683 | HW18: 672 | HX18: 671 | HY18: 665 | HZ18: 678 | IA18: 670 | IB18: 662 | IC18: 630 | ID18: 631 | IE18: 631 | IF18: 639 | IG18: 631 | IH18: 517.75 | II18: 553 | IJ18: 589 | IK18: 572 | IL18: 562 | IM18: 590 | IN18: 577 | IO18: 563 | IP18: 563 | IQ18: 571.5 | IR18: 633 | IS18: 579 | IT18: 572.25 | IU18: 598 | IV18: 582 | IW18: 566 | IX18: 608 | IY18: 584 | IZ18: 564 | JA18: 576 | JB18: 590 | JC18: 605 | JD18: 603 | JE18: 609 | JF18: 606 | JG18: 587 | JH18: 584 | JI18: 549 | JJ18: 552 | JK18: 571 | JL18: 578 | JM18: 587 | JN18: 569 | JO18: 558 | JP18: 562 | JQ18: 560 | JR18: 533 | JS18: 540 | JT18: 534 | JU18: 560 | JV18: 559 | JW18: 585 | JX18: 598 | JY18: 612 | JZ18: 594 | KA18: 616 | KB18: 777 | KC18: 875 | KD18: 1039 | KE18: 998 | KF18: 1093 | KG18: 1003 | KH18: 991 | KI18: 959 | KJ18: 1039 | KK18: 972 | KL18: 1021 | KM18: 970 | KN18: 835 | KO18: 808
B19: 18 | C19: Propylene CFR China | BY19: 1030 | BZ19: 1065 | CA19: 1070 | CB19: 1080 | CC19: 1115 | CD19: 1135 | CE19: 1170 | CF19: 1220 | CG19: 1275 | CH19: 1180 | CI19: 1180 | CJ19: 1175 | CK19: 1165 | CL19: 1150 | CM19: 1150 | CN19: 1135 | CO19: 1135 | CP19: 1125 | CQ19: 1050 | CR19: 1040 | CS19: 1025 | CT19: 1030 | CU19: 1030 | CV19: 1010 | CW19: 975 | CX19: 950 | CY19: 925 | CZ19: 915 | DA19: 890 | DB19: 885 | DC19: 905 | DD19: 890 | DE19: 870 | DF19: 875 | DG19: 890 | DH19: 895 | DI19: 895 | DJ19: 895 | DK19: 895 | DL19: 910 | DM19: 890 | DN19: 880 | DO19: 840 | DP19: 840 | DQ19: 855 | DR19: 870 | DS19: 885 | DT19: 890 | DU19: 890 | DV19: 900 | DW19: 895 | DX19: 880 | DY19: 885 | DZ19: 900 | EA19: 950 | EB19: 990 | EC19: 995 | ED19: 1000 | EE19: 945 | EF19: 935 | EG19: 925 | EH19: 905 | EI19: 905 | EJ19: 920 | EK19: 930 | EL19: 930 | EM19: 915 | EN19: 915 | EO19: 891 | EP19: 876 | EQ19: 835 | ER19: 785 | ES19: 760 | ET19: 735 | EU19: 725 | EV19: 760 | EW19: 770 | EX19: 770 | EY19: 775 | EZ19: 785 | FA19: 805 | FB19: 810 | FC19: 820 | FD19: 820 | FE19: 825 | FF19: 835 | FG19: 855 | FH19: 860 | FI19: 860 | FJ19: 860 | FK19: 855 | FL19: 850 | FM19: 850 | FN19: 840 | FO19: 855 | FP19: 855 | FQ19: 855 | FR19: 850 | FS19: 850 | FT19: 840 | FU19: 840 | FV19: 840 | FW19: 825 | FX19: 825 | FY19: 845 | FZ19: 850 | GA19: 850 | GB19: 850 | GC19: 845 | GD19: 845 | GE19: 845 | GF19: 835 | GG19: 850 | GH19: 845 | GI19: 850 | GJ19: 850 | GK19: 850 | GL19: 850 | GM19: 850 | GN19: 850 | GO19: 845 | GP19: 850 | GQ19: 850 | GR19: 855 | GS19: 860 | GT19: 865 | GU19: 875 | GV19: 870 | GW19: 875 | GX19: 875 | GY19: 875 | GZ19: 865 | HA19: 869 | HB19: 865 | HC19: 872 | HD19: 860 | HE19: 865 | HF19: 855 | HG19: 850 | HH19: 850 | HI19: 850 | HJ19: 855 | HK19: 860 | HL19: 865 | HM19: 860 | HN19: 855 | HO19: 845 | HP19: 830 | HQ19: 825 | HR19: 830 | HS19: 840 | HT19: 850 | HU19: 860 | HV19: 870 | HW19: 870 | HX19: 870 | HY19: 870 | HZ19: 860 | IA19: 850 | IB19: 850 | IC19: 845 | ID19: 845 | IE19: 830 | IF19: 830 | IG19: 820 | IH19: 815 | II19: 825 | IJ19: 825 | IK19: 820 | IL19: 805 | IM19: 805 | IN19: 795 | IO19: 785 | IP19: 775 | IQ19: 750 | IR19: 760 | IS19: 800 | IT19: 795 | IU19: 775 | IV19: 765 | IW19: 768 | IX19: 770 | IY19: 768 | IZ19: 778 | JA19: 780 | JB19: 787 | JC19: 790 | JD19: 795 | JE19: 800 | JF19: 795 | JG19: 785 | JH19: 785 | JI19: 775 | JJ19: 760 | JK19: 745 | JL19: 730 | JM19: 725 | JN19: 730 | JO19: 735 | JP19: 745 | JQ19: 745 | JR19: 745 | JS19: 742 | JT19: 745 | JU19: 770 | JV19: 785 | JW19: 820 | JX19: 825 | JY19: 825 | JZ19: 825 | KA19: 840 | KB19: 890 | KC19: 1100 | KD19: 1100 | KE19: 1280 | KF19: 1290 | KG19: 1330 | KH19: 1340 | KI19: 1330 | KJ19: 1340 | KK19: 1270 | KL19: 1280 | KM19: 1250 | KN19: 1210 | KO19: 1150
B20: 19 | C20: Propylene FOB Korea | BX20: 990 | BY20: 1010 | BZ20: 1035 | CA20: 1040 | CB20: 1040 | CC20: 1085 | CD20: 1150 | CE20: 1195 | CF20: 1250 | CG20: 1305 | CH20: 1240 | CI20: 1260 | CJ20: 1250 | CK20: 1210 | CL20: 1190 | CM20: 1190 | CN20: 1165 | CO20: 1150 | CP20: 1130 | CQ20: 1075 | CR20: 1030 | CS20: 1030 | CT20: 1030 | CU20: 1025 | CV20: 995 | CW20: 975 | CX20: 950 | CY20: 910 | CZ20: 890 | DA20: 880 | DB20: 895 | DC20: 895 | DD20: 880 | DE20: 855 | DF20: 860 | DG20: 870 | DH20: 875 | DI20: 875 | DJ20: 865 | DK20: 865 | DL20: 865 | DM20: 860 | DN20: 850 | DO20: 830 | DP20: 820 | DQ20: 825 | DR20: 835 | DS20: 850 | DT20: 855 | DU20: 855 | DV20: 865 | DW20: 865 | DX20: 850 | DY20: 855 | DZ20: 870 | EA20: 920 | EB20: 960 | EC20: 965 | ED20: 980 | EE20: 930 | EF20: 920 | EG20: 900 | EH20: 880 | EI20: 880 | EJ20: 900 | EK20: 905 | EL20: 905 | EM20: 895 | EN20: 895 | EO20: 871 | EP20: 856 | EQ20: 826 | ER20: 780 | ES20: 745 | ET20: 705 | EU20: 695 | EV20: 710 | EW20: 725 | EX20: 745 | EY20: 730 | EZ20: 735 | FA20: 755 | FB20: 760 | FC20: 780 | FD20: 780 | FE20: 785 | FF20: 795 | FG20: 810 | FH20: 820 | FI20: 820 | FJ20: 820 | FK20: 815 | FL20: 815 | FM20: 815 | FN20: 805 | FO20: 815 | FP20: 815 | FQ20: 815 | FR20: 810 | FS20: 810 | FT20: 810 | FU20: 810 | FV20: 810 | FW20: 795 | FX20: 795 | FY20: 810 | FZ20: 815 | GA20: 815 | GB20: 815 | GC20: 815 | GD20: 815 | GE20: 815 | GF20: 815 | GG20: 815 | GH20: 810 | GI20: 815 | GJ20: 820 | GK20: 820 | GL20: 820 | GM20: 820 | GN20: 820 | GO20: 815 | GP20: 820 | GQ20: 820 | GR20: 825 | GS20: 830 | GT20: 830 | GU20: 835 | GV20: 835 | GW20: 850 | GX20: 855 | GY20: 855 | GZ20: 850 | HA20: 850 | HB20: 850 | HC20: 847 | HD20: 835 | HE20: 840 | HF20: 825 | HG20: 820 | HH20: 820 | HI20: 800 | HJ20: 820 | HK20: 825 | HL20: 830 | HM20: 825 | HN20: 820 | HO20: 810 | HP20: 800 | HQ20: 790 | HR20: 795 | HS20: 800 | HT20: 815 | HU20: 830 | HV20: 850 | HW20: 850 | HX20: 850 | HY20: 850 | HZ20: 835 | IA20: 825 | IB20: 825 | IC20: 825 | ID20: 825 | IE20: 810 | IF20: 800 | IG20: 800 | IH20: 780 | II20: 785 | IJ20: 785 | IK20: 780 | IL20: 780 | IM20: 770 | IN20: 760 | IO20: 750 | IP20: 745 | IQ20: 710 | IR20: 710 | IS20: 750 | IT20: 745 | IU20: 740 | IV20: 738 | IW20: 738 | IX20: 730 | IY20: 735 | IZ20: 745 | JA20: 750 | JB20: 757 | JC20: 760 | JD20: 760 | JE20: 770 | JF20: 760 | JG20: 750 | JH20: 750 | JI20: 750 | JJ20: 740 | JK20: 730 | JL20: 710 | JM20: 695 | JN20: 695 | JO20: 695 | JP20: 715 | JQ20: 715 | JR20: 715 | JS20: 710 | JT20: 710 | JU20: 730 | JV20: 745 | JW20: 775 | JX20: 790 | JY20: 785 | JZ20: 785 | KA20: 790 | KB20: 850 | KC20: 1070 | KD20: 1080 | KE20: 1230 | KF20: 1250 | KG20: 1320 | KH20: 1330 | KI20: 1320 | KJ20: 1270 | KK20: 1255 | KL20: 1245 | KM20: 1230 | KN20: 1200 | KO20: 1130
B21: 20 | C21: PP homo CFR China | D21: 910—930 | E21: 910—930 | F21: 910—950 | G21: 910—980 | H21: 910—1,000 | I21: 910—1,000 | J21: 910—990 | K21: 940—980 | L21: 940—980 | M21: 940—980 | N21: 950—1,000 | O21: 970—1,050 | P21: 1,000—1,050 | Q21: 1,000—1,050 | R21: 1,000—1,060 | S21: 1,050—1,090 | T21: 1,080—1,130 | U21: 1,080—1,130 | V21: 1,070—1,130 | W21: 1,070—1,130 | X21: 1,070—1,130 | Y21: 1,070—1,130 | Z21: 1,060—1,130 | AA21: 1,060—1,130 | AB21: 1,060—1,130 | AC21: 1,060—1,130 | AD21: 1,060—1,130 | AE21: 1,060—1,130 | AF21: 1,200—1,250 | AG21: 1,250—1,350 | AH21: 1,260—1,380 | AI21: 1,260—1,420 | AJ21: 1,260—1,390 | AK21: 1,260—1,350 | AL21: 1,240—1,320 | AM21: 1,240—1,300 | AN21: 1,200—1,250 | AO21: 1,140—1,210 | AP21: 1,140—1,210 | AQ21: 1,130—1,200 | AR21: 1,100—1,150 | AS21: 1,100—1,150 | AT21: 1,080—1,150 | AU21: 1,070—1,110 | AV21: 1,070—1,100 | AW21: 1,090—1,120 | AX21: 1,090—1,120 | AY21: 1,090—1,150 | AZ21: 1,090—1,150 | BA21: 1,090—1,150 | BB21: 1,110—1,150 | BC21: 1,110—1,150 | BD21: 1,110—1,150 | BE21: 1,110—1,150 | BF21: 1,090—1,150 | BG21: 1,090—1,150 | BH21: 1,090—1,150 | BI21: 1,090—1,150 | BJ21: 1,150—1,200 | BK21: 1,150—1,200 | BL21: 1,150—1,200 | BM21: 1,290—1,330 | BN21: 1,290—1,330 | BO21: 1,220—1,290 | BP21: 1,190—1,270 | BQ21: 1,160—1,210 | BR21: 1,160—1,210 | BS21: 1,150—1,200 | BT21: 1,150—1,200 | BU21: 1,150—1,200 | BV21: 1,130—1,180 | BW21: 1,100—1,150 | BX21: 1,100—1,150 | BY21: 1,100—1,150 | BZ21: 1,120—1,150 | CA21: 1,120—1,150 | CB21: 1,120—1,150 | CC21: 1,130—1,160 | CD21: 1,150—1,180 | CE21: 1,150—1,180 | CF21: 1,160—1,200 | CG21: 1,190—1,240 | CH21: 1,190—1,240 | CI21: 1,190—1,240 | CJ21: 1,190—1,240 | CK21: 1,190—1,240 | CL21: 1,190—1,240 | CM21: 1,190—1,240 | CN21: 1,160—1,230 | CO21: 1,160—1,230 | CP21: 1,160—1,230 | CQ21: 1,160—1,230 | CR21: 1,130—1,200 | CS21: 1,120—1,190 | CT21: 1,120—1,190 | CU21: 1,120—1,190 | CV21: 1,090—1,160 | CW21: 1,090—1,160 | CX21: 1,090—1,160 | CY21: 1,050—1,130 | CZ21: 1,030—1,100 | DA21: 950—1,000 | DB21: 980—1,000 | DC21: 960—980 | DD21: 960—980 | DE21: 960—980 | DF21: 960—980 | DG21: 960—980 | DH21: 960—990 | DI21: 960—990 | DJ21: 960—990 | DK21: 960—990 | DL21: 970—1,000 | DM21: 960—1,000 | DN21: 920—980 | DO21: 890—960 | DP21: 880—940 | DQ21: 880—920 | DR21: 870—910 | DS21: 870—910 | DT21: 870—910 | DU21: 880—920 | DV21: 880—920 | DW21: 890—920 | DX21: 890—920 | DY21: 900—930 | DZ21: 900—930 | EA21: 930—960 | EB21: 930—960 | EC21: 930—960 | ED21: 930—960 | EE21: 930—960 | EF21: 930—960 | EG21: 930—960 | EH21: 920—940 | EI21: 920—940 | EJ21: 910—940 | EK21: 910—940 | EL21: 910—940 | EM21: 910—940 | EN21: 910—940 | EO21: 900—930 | EP21: 870—920 | EQ21: 860—910 | ER21: 830—890 | ES21: 820—870 | ET21: 820—860 | EU21: 800—850 | EV21: 800—840 | EW21: 800—840 | EX21: 800—840 | EY21: 820—860 | EZ21: 820—860 | FA21: 820—860 | FB21: 820—860 | FC21: 820—860 | FD21: 820—860 | FE21: 840—890 | FF21: 850—900 | FG21: 850—900 | FH21: 860—900 | FI21: 860—900 | FJ21: 860—900 | FK21: 850—890 | FL21: 850—880 | FM21: 850—880 | FN21: 850—880 | FO21: 850—880 | FP21: 850—880 | FQ21: 850—880 | FR21: 850—880 | FS21: 850—880 | FT21: 850—890 | FU21: 860—890 | FV21: 860—890 | FW21: 870—910 | FX21: 870—910 | FY21: 870—910 | FZ21: 870—910 | GA21: 870—910 | GB21: 870—910 | GC21: 870—910 | GD21: 870—910 | GE21: 870—910 | GF21: 870—910 | GG21: 880—920 | GH21: 880—920 | GI21: 880—920 | GJ21: 890—920 | GK21: 890—920 | GL21: 890—920 | GM21: 900—940 | GN21: 900—950 | GO21: 900—950 | GP21: 900—950 | GQ21: 900—950 | GR21: 900—950 | GS21: 900—950 | GT21: 910—940 | GU21: 900—940 | GV21: 900—940 | GW21: 900—940 | GX21: 900—930 | GY21: 900—930 | GZ21: 900—930 | HA21: 900—930 | HB21: 890—920 | HC21: 890—910 | HD21: 890—910 | HE21: 890—910 | HF21: 850—900 | HG21: 850—900 | HH21: 860—900 | HI21: 860—900 | HJ21: 870—900 | HK21: 870—900 | HL21: 870—900 | HM21: 870—900 | HN21: 870—900 | HO21: 870—900 | HP21: 870—900 | HQ21: 870—900 | HR21: 870—900 | HS21: 870—890 | HT21: 870—890 | HU21: 870—900 | HV21: 870—900 | HW21: 870—900 | HX21: 870—900 | HY21: 870—900 | HZ21: 875—915 | IA21: 875—915 | IB21: 875—915 | IC21: 875—915 | ID21: 875—915 | IE21: 875—915 | IF21: 875—930 | IG21: 875—930 | IH21: 860—930 | II21: 850—920 | IJ21: 850—920 | IK21: 850—920 | IL21: 850—920 | IM21: 850—920 | IN21: 850—920 | IO21: 850—920 | IP21: 850—920 | IQ21: 850—920 | IR21: 850—920 | IS21: — | IT21: — | IU21: 890—910 | IV21: 890—910 | IW21: 880—900 | IX21: 865—870 | IY21: 865—870 | IZ21: 865—870 | JA21: 865—870 | JB21: 860—875 | JC21: 855—865 | JD21: 845—855 | JE21: 840—855 | JF21: 840—850 | JG21: 810—860 | JH21: 810—860 | JI21: 810—860 | JJ21: 820—850 | JK21: 810—855 | JL21: 810—850 | JM21: 810—830 | JN21: 810—830 | JO21: 810—830 | JP21: 810—830 | JQ21: 810—830 | JR21: 810—830 | JS21: 755—780 | JT21: 755—780 | JU21: 750—780 | JV21: 755—780 | JW21: 750—770 | JX21: 755—775 | JY21: 755—775 | JZ21: 770—820 | KA21: 770—820 | KB21: 770—820 | KC21: 1,100—1,180 | KD21: 1,100—1,180 | KE21: 1,150—1,210 | KF21: 1,150—1,210 | KG21: 1,200—1,300 | KH21: 1,200—1,300 | KI21: 1,200—1,300 | KJ21: 1,200—1,300 | KK21: 1,200—1,300 | KL21: 1,210—1,300 | KM21: 1,210—1,280 | KN21: 1,210—1,280 | KO21: 1,200—1,250
B22: 21 | C22: PP block copolymer CFR China | D22: 940—990 | E22: 940—990 | F22: 950—990 | G22: 950—1,010 | H22: 970—1,010 | I22: 960—1,020 | J22: 960—1,000 | K22: 960—1,030 | L22: 960—1,030 | M22: 960—1,030 | N22: 980—1,030 | O22: 1,000—1,040 | P22: 1,020—1,060 | Q22: 1,020—1,060 | R22: 1,040—1,080 | S22: 1,070—1,120 | T22: 1,100—1,220 | U22: 1,100—1,200 | V22: 1,100—1,180 | W22: 1,100—1,180 | X22: 1,100—1,180 | Y22: 1,100—1,180 | Z22: 1,090—1,180 | AA22: 1,090—1,180 | AB22: 1,090—1,180 | AC22: 1,090—1,180 | AD22: 1,090—1,180 | AE22: 1,090—1,180 | AF22: 1,250—1,280 | AG22: 1,280—1,380 | AH22: 1,280—1,420 | AI22: 1,310—1,450 | AJ22: 1,310—1,410 | AK22: 1,310—1,380 | AL22: 1,300—1,350 | AM22: 1,300—1,340 | AN22: 1,260—1,300 | AO22: 1,160—1,280 | AP22: 1,160—1,280 | AQ22: 1,160—1,230 | AR22: 1,160—1,200 | AS22: 1,160—1,200 | AT22: 1,120—1,200 | AU22: 1,120—1,160 | AV22: 1,110—1,160 | AW22: 1,110—1,160 | AX22: 1,110—1,160 | AY22: 1,110—1,180 | AZ22: 1,110—1,180 | BA22: 1,110—1,190 | BB22: 1,110—1,190 | BC22: 1,090—1,180 | BD22: 1,090—1,180 | BE22: 1,090—1,180 | BF22: 1,090—1,170 | BG22: 1,090—1,170 | BH22: 1,090—1,170 | BI22: 1,090—1,170 | BJ22: 1,170—1,250 | BK22: 1,170—1,250 | BL22: 1,170—1,250 | BM22: 1,300—1,350 | BN22: 1,300—1,350 | BO22: 1,240—1,310 | BP22: 1,210—1,280 | BQ22: 1,190—1,240 | BR22: 1,190—1,240 | BS22: 1,170—1,220 | BT22: 1,170—1,220 | BU22: 1,170—1,220 | BV22: 1,150—1,200 | BW22: 1,110—1,160 | BX22: 1,110—1,160 | BY22: 1,110—1,160 | BZ22: 1,130—1,160 | CA22: 1,130—1,160 | CB22: 1,130—1,160 | CC22: 1,140—1,170 | CD22: 1,160—1,200 | CE22: 1,160—1,200 | CF22: 1,170—1,220 | CG22: 1,200—1,250 | CH22: 1,200—1,250 | CI22: 1,200—1,250 | CJ22: 1,200—1,250 | CK22: 1,200—1,250 | CL22: 1,200—1,250 | CM22: 1,200—1,250 | CN22: 1,170—1,240 | CO22: 1,170—1,240 | CP22: 1,170—1,240 | CQ22: 1,170—1,240 | CR22: 1,150—1,220 | CS22: 1,130—1,200 | CT22: 1,130—1,200 | CU22: 1,130—1,200 | CV22: 1,110—1,170 | CW22: 1,110—1,170 | CX22: 1,110—1,170 | CY22: 1,070—1,140 | CZ22: 1,040—1,110 | DA22: 960—1,010 | DB22: 950—970 | DC22: 940—960 | DD22: 940—950 | DE22: 940—950 | DF22: 940—960 | DG22: 940—960 | DH22: 950—960 | DI22: 950—960 | DJ22: 950—960 | DK22: 950—960 | DL22: 970—1,010 | DM22: 970—1,010 | DN22: 940—990 | DO22: 910—960 | DP22: 890—940 | DQ22: 890—930 | DR22: 880—910 | DS22: 880—910 | DT22: 880—910 | DU22: 880—930 | DV22: 880—930 | DW22: 890—930 | DX22: 890—930 | DY22: 910—950 | DZ22: 910—950 | EA22: 940—970 | EB22: 940—970 | EC22: 940—970 | ED22: 940—970 | EE22: 940—970 | EF22: 940—970 | EG22: 940—970 | EH22: 930—950 | EI22: 930—950 | EJ22: 920—950 | EK22: 920—950 | EL22: 920—950 | EM22: 920—950 | EN22: 920—950 | EO22: 910—940 | EP22: 880—930 | EQ22: 880—920 | ER22: 850—910 | ES22: 840—890 | ET22: 830—870 | EU22: 820—860 | EV22: 820—850 | EW22: 820—850 | EX22: 820—850 | EY22: 830—870 | EZ22: 830—870 | FA22: 830—870 | FB22: 830—870 | FC22: 830—870 | FD22: 830—870 | FE22: 850—900 | FF22: 860—910 | FG22: 860—910 | FH22: 870—920 | FI22: 870—920 | FJ22: 870—920 | FK22: 860—900 | FL22: 860—890 | FM22: 860—890 | FN22: 860—890 | FO22: 860—890 | FP22: 860—890 | FQ22: 860—890 | FR22: 860—890 | FS22: 860—890 | FT22: 860—900 | FU22: 870—910 | FV22: 870—910 | FW22: 880—920 | FX22: 880—920 | FY22: 880—920 | FZ22: 880—920 | GA22: 880—920 | GB22: 880—920 | GC22: 880—920 | GD22: 880—920 | GE22: 880—920 | GF22: 880—920 | GG22: 890—925 | GH22: 890—925 | GI22: 890—925 | GJ22: 910—930 | GK22: 910—930 | GL22: 910—930 | GM22: 930—950 | GN22: 930—960 | GO22: 930—960 | GP22: 930—960 | GQ22: 930—960 | GR22: 930—960 | GS22: 930—960 | GT22: 930—950 | GU22: 930—950 | GV22: 930—945 | GW22: 930—945 | GX22: 910—940 | GY22: 910—940 | GZ22: 910—940 | HA22: 910—940 | HB22: 910—935 | HC22: 910—930 | HD22: 910—930 | HE22: 910—930 | HF22: 880—910 | HG22: 880—910 | HH22: 880—910 | HI22: 880—910 | HJ22: 890—920 | HK22: 890—920 | HL22: 890—920 | HM22: 890—920 | HN22: 890—920 | HO22: 890—920 | HP22: 890—920 | HQ22: 890—920 | HR22: 890—920 | HS22: 890—915 | HT22: 890—915 | HU22: 890—915 | HV22: 890—915 | HW22: 890—915 | HX22: 890—915 | HY22: 890—915 | HZ22: 900—920 | IA22: 900—920 | IB22: 900—920 | IC22: 900—920 | ID22: 900—920 | IE22: 900—920 | IF22: 910—940 | IG22: 910—940 | IH22: 910—940 | II22: 910—940 | IJ22: 910—940 | IK22: 910—940 | IL22: 910—940 | IM22: 910—940 | IN22: 910—940 | IO22: 910—940 | IP22: 910—940 | IQ22: 910—940 | IR22: 910—940 | IS22: — | IT22: — | IU22: 950—960 | IV22: 950—960 | IW22: 940—950 | IX22: 930—940 | IY22: 925—930 | IZ22: 925—930 | JA22: 920—925 | JB22: 920—925 | JC22: 905—910 | JD22: 900—905 | JE22: 895—900 | JF22: 885—890 | JG22: 820—870 | JH22: 820—870 | JI22: 820—870 | JJ22: 850—900 | JK22: 840—890 | JL22: 840—890 | JM22: 840—890 | JN22: 840—890 | JO22: 840—880 | JP22: 840—880 | JQ22: 840—880 | JR22: 840—880 | JS22: 770—790 | JT22: 765—790 | JU22: 770—790 | JV22: 765—800 | JW22: 765—790 | JX22: 770—795 | JY22: 770—795 | JZ22: 800—880 | KA22: 800—880 | KB22: 800—900 | KC22: 1,150—1,250 | KD22: 1,150—1,250 | KE22: 1,150—1,270 | KF22: 1,150—1,270 | KG22: 1,250—1,280 | KH22: 1,250—1,280 | KI22: 1,250—1,300 | KJ22: 1,250—1,300 | KK22: 1,250—1,300 | KL22: 1,250—1,300 | KM22: 1,250—1,300 | KN22: 1,250—1,300 | KO22: 1,220—1,270
B23: 22 | C23: Phenol CFR China | Y23: 830 | Z23: 805 | AA23: 810 | AB23: 855 | AC23: 860 | AD23: 900 | AE23: 900 | AF23: 1005 | AG23: 1100 | AH23: 1180 | AI23: 1210 | AJ23: 1150 | AK23: 1135 | AL23: 1130 | AM23: 1128 | AN23: 1150 | AO23: 1164 | AP23: 1200 | AQ23: 1295 | AR23: 1295 | AS23: 1245 | AT23: 1255 | AU23: 1210 | AV23: 1200 | AW23: 1200 | AX23: 1215 | AY23: 1270 | AZ23: 1290 | BA23: 1230 | BB23: 1249 | BC23: 1229 | BD23: 1210 | BE23: 1370 | BF23: 1390 | BG23: 1390 | BH23: 1340 | BI23: 1340 | BJ23: 1340 | BK23: 1340 | BL23: 1350 | BM23: 1400 | BN23: 1385 | BO23: 1300 | BP23: 1290 | BQ23: 1260 | BR23: 1280 | BS23: 1240 | BT23: 1240 | BU23: 1220 | BV23: 1210 | BW23: 1235 | BX23: 1270 | BY23: 1500 | BZ23: 1475 | CA23: 1475 | CB23: 1470 | CC23: 1510 | CD23: 1550 | CE23: 1500 | CF23: 1495 | CG23: 1590 | CH23: 1550 | CI23: 1500 | CJ23: 1500 | CK23: 1480 | CL23: 1450 | CM23: 1430 | CN23: 1420 | CO23: 1420 | CP23: 1425 | CQ23: 1380 | CR23: 1389 | CS23: 1425 | CT23: 1450 | CU23: 1490 | CV23: 1480 | CW23: 1460 | CX23: 1375 | CY23: 1300 | CZ23: 1200 | DA23: 1200 | DB23: 1200 | DC23: 1185 | DD23: 1185 | DE23: 1160 | DF23: 1165 | DG23: 1185 | DH23: 1200 | DI23: 1250 | DJ23: 1255 | DK23: 1240 | DL23: 1270 | DM23: 1195 | DN23: 1195 | DO23: 1175 | DP23: 1125 | DQ23: 1065 | DR23: 1010 | DS23: 940 | DT23: 975 | DU23: 950 | DV23: 955 | DW23: 900 | DX23: 920 | DY23: 955 | DZ23: 960 | EA23: 985 | EB23: 955 | EC23: 990 | ED23: 990 | EE23: 990 | EF23: 970 | EG23: 940 | EH23: 895 | EI23: 930 | EJ23: 915 | EK23: 895 | EL23: 910 | EM23: 910 | EN23: 910 | EO23: 895 | EP23: 880 | EQ23: 860 | ER23: 820 | ES23: 755 | ET23: 720 | EU23: 750 | EV23: 760 | EW23: 755 | EX23: 770 | EY23: 820 | EZ23: 850 | FA23: 920 | FB23: 930 | FC23: 930 | FD23: 930 | FE23: 930 | FF23: 959 | FG23: 1049 | FH23: 1090 | FI23: 1080 | FJ23: 1070 | FK23: 1010 | FL23: 975 | FM23: 965 | FN23: 960 | FO23: 900 | FP23: 900 | FQ23: 930 | FR23: 930 | FS23: 920 | FT23: 905 | FU23: 910 | FV23: 909 | FW23: 830 | FX23: 830 | FY23: 860 | FZ23: 920 | GA23: 920 | GB23: 920 | GC23: 950 | GD23: 920 | GE23: 910 | GF23: 910 | GG23: 910 | GH23: 889 | GI23: 890 | GJ23: 900 | GK23: 915 | GL23: 920 | GM23: 920 | GN23: 920 | GO23: 910 | GP23: 910 | GQ23: 920 | GR23: 925 | GS23: 925 | GT23: 930 | GU23: 940 | GV23: 940 | GW23: 945 | GX23: 945 | GY23: 975 | GZ23: 975 | HA23: 970 | HB23: 970 | HC23: 970 | HD23: 990 | HE23: 1000 | HF23: 1020 | HG23: 1020 | HH23: 1020 | HI23: 1000 | HJ23: 1000 | HK23: 920 | HL23: 900 | HM23: 900 | HN23: 890 | HO23: 890 | HP23: 890 | HQ23: 895 | HR23: 890 | HS23: 890 | HT23: 885 | HU23: 875 | HV23: 890 | HW23: 885 | HX23: 890 | HY23: 890 | HZ23: 895 | IA23: 900 | IB23: 930 | IC23: 940 | ID23: 935 | IE23: 930 | IF23: 900 | IG23: 895 | IH23: 855 | II23: 870 | IJ23: 870 | IK23: 820 | IL23: 805 | IM23: 830 | IN23: 820 | IO23: 820 | IP23: 820 | IQ23: 820 | IR23: 825 | IS23: 824 | IT23: 815 | IU23: 815 | IV23: 790 | IW23: 790 | IX23: 765 | IY23: 765 | IZ23: 770 | JA23: 775 | JB23: 785 | JC23: 780 | JD23: 800 | JE23: 800 | JF23: 800 | JG23: 790 | JH23: 790 | JI23: 770 | JJ23: 770 | JK23: 770 | JL23: 750 | JM23: 750 | JN23: 750 | JO23: 740 | JP23: 720 | JQ23: 710 | JR23: 710 | JS23: 710 | JT23: 710 | JU23: 710 | JV23: 720 | JW23: 740 | JX23: 760 | JY23: 775 | JZ23: 775 | KA23: 785 | KB23: 845 | KC23: 1045 | KD23: 1030 | KE23: 1060 | KF23: 1135 | KG23: 1185 | KH23: 1135 | KI23: 1085 | KJ23: 1085 | KK23: 1080 | KL23: 1030 | KM23: 1050 | KN23: 1000 | KO23: 990
B24: 23 | C24: Acetone CFR China | Y24: 900 | Z24: 900 | AA24: 900 | AB24: 910 | AC24: 915 | AD24: 1025 | AE24: 1025 | AF24: 1100 | AG24: 1110 | AH24: 1160 | AI24: 1160 | AJ24: 1100 | AK24: 1110 | AL24: 1100 | AM24: 1100 | AN24: 1110 | AO24: 1090 | AP24: 1090 | AQ24: 1000 | AR24: 1010 | AS24: 900 | AT24: 850 | AU24: 760 | AV24: 725 | AW24: 710 | AX24: 670 | AY24: 700 | AZ24: 690 | BA24: 690 | BB24: 800 | BC24: 725 | BD24: 750 | BE24: 788 | BF24: 805 | BG24: 785 | BH24: 805 | BI24: 805 | BJ24: 900 | BK24: 880 | BL24: 880 | BM24: 960 | BN24: 870 | BO24: 880 | BP24: 870 | BQ24: 800 | BR24: 785 | BS24: 755 | BT24: 755 | BU24: 720 | BV24: 710 | BW24: 695 | BX24: 735 | BY24: 780 | BZ24: 785 | CA24: 800 | CB24: 800 | CC24: 820 | CD24: 860 | CE24: 845 | CF24: 840 | CG24: 880 | CH24: 850 | CI24: 815 | CJ24: 805 | CK24: 785 | CL24: 770 | CM24: 770 | CN24: 765 | CO24: 765 | CP24: 735 | CQ24: 710 | CR24: 751 | CS24: 775 | CT24: 769 | CU24: 788 | CV24: 783 | CW24: 750 | CX24: 720 | CY24: 675 | CZ24: 650 | DA24: 623 | DB24: 623 | DC24: 612 | DD24: 590 | DE24: 600 | DF24: 595 | DG24: 610 | DH24: 605 | DI24: 620 | DJ24: 620 | DK24: 625 | DL24: 680 | DM24: 715 | DN24: 650 | DO24: 640 | DP24: 645 | DQ24: 665 | DR24: 655 | DS24: 640 | DT24: 670 | DU24: 660 | DV24: 650 | DW24: 620 | DX24: 595 | DY24: 590 | DZ24: 590 | EA24: 620 | EB24: 625 | EC24: 660 | ED24: 695 | EE24: 695 | EF24: 705 | EG24: 725 | EH24: 715 | EI24: 730 | EJ24: 730 | EK24: 770 | EL24: 765 | EM24: 765 | EN24: 765 | EO24: 765 | EP24: 750 | EQ24: 730 | ER24: 670 | ES24: 610 | ET24: 625 | EU24: 635 | EV24: 620 | EW24: 610 | EX24: 635 | EY24: 665 | EZ24: 690 | FA24: 740 | FB24: 750 | FC24: 750 | FD24: 750 | FE24: 745 | FF24: 744 | FG24: 809 | FH24: 860 | FI24: 860 | FJ24: 855 | FK24: 835 | FL24: 850 | FM24: 845 | FN24: 845 | FO24: 800 | FP24: 790 | FQ24: 800 | FR24: 800 | FS24: 800 | FT24: 790 | FU24: 795 | FV24: 795 | FW24: 835 | FX24: 835 | FY24: 835 | FZ24: 850 | GA24: 850 | GB24: 855 | GC24: 890 | GD24: 870 | GE24: 870 | GF24: 875 | GG24: 890 | GH24: 900 | GI24: 900 | GJ24: 905 | GK24: 920 | GL24: 935 | GM24: 935 | GN24: 945 | GO24: 940 | GP24: 935 | GQ24: 925 | GR24: 930 | GS24: 930 | GT24: 933 | GU24: 933 | GV24: 930 | GW24: 925 | GX24: 920 | GY24: 910 | GZ24: 850 | HA24: 830 | HB24: 830 | HC24: 825 | HD24: 810 | HE24: 800 | HF24: 780 | HG24: 780 | HH24: 715 | HI24: 705 | HJ24: 705 | HK24: 705 | HL24: 695 | HM24: 695 | HN24: 690 | HO24: 685 | HP24: 665 | HQ24: 670 | HR24: 660 | HS24: 660 | HT24: 660 | HU24: 665 | HV24: 685 | HW24: 680 | HX24: 685 | HY24: 685 | HZ24: 710 | IA24: 730 | IB24: 740 | IC24: 760 | ID24: 750 | IE24: 745 | IF24: 740 | IG24: 740 | IH24: 720 | II24: 720 | IJ24: 720 | IK24: 705 | IL24: 685 | IM24: 700 | IN24: 690 | IO24: 680 | IP24: 670 | IQ24: 645 | IR24: 660 | IS24: 654 | IT24: 650 | IU24: 620 | IV24: 600 | IW24: 605 | IX24: 605 | IY24: 605 | IZ24: 600 | JA24: 590 | JB24: 590 | JC24: 555 | JD24: 555 | JE24: 559 | JF24: 560 | JG24: 550 | JH24: 550 | JI24: 535 | JJ24: 520 | JK24: 530 | JL24: 525 | JM24: 525 | JN24: 525 | JO24: 520 | JP24: 520 | JQ24: 515 | JR24: 500 | JS24: 500 | JT24: 500 | JU24: 515 | JV24: 520 | JW24: 545 | JX24: 545 | JY24: 560 | JZ24: 565 | KA24: 570 | KB24: 605 | KC24: 775 | KD24: 760 | KE24: 910 | KF24: 975 | KG24: 1075 | KH24: 1040 | KI24: 970 | KJ24: 970 | KK24: 1010 | KL24: 995 | KM24: 995 | KN24: 930 | KO24: 910
B25: 24 | C25: Butadiene EXW North China | BP25: 6,900—7,100 | BQ25: 7,050—7,150 | BR25: 6,100—6,200 | BS25: 5,950—6,150 | BT25: 5,950—6,000 | BU25: 5,200—5,400 | BV25: 4,800—4,900 | BW25: 5,050—5,150 | BX25: 4,300—4,350 | BY25: 6,350—6,550 | BZ25: 6,350—6,550 | CA25: 7,000—7,300 | CB25: — | CC25: 7,000—7,300 | CD25: 7,500—7,800 | CE25: 8,600—8,700 | CF25: 8,900—9,000 | CG25: 10,350—10,550 | CH25: 10,500—10,800 | CI25: 11,100—11,200 | CJ25: 11,000—11,200 | CK25: 10,800—11,100 | CL25: 9,900—10,000 | CM25: 10,300—10,500 | CN25: 10,000—10,300 | CO25: 9,950—10,050 | CP25: 9,950—10,050 | CQ25: 10,800—10,900 | CR25: 11,200—11,400 | CS25: 11,850—11,950 | CT25: 12,200—12,300 | CU25: 11,150—11,250 | CV25: 10,800—10,900 | CW25: 10,000—10,200 | CX25: 10,350—10,450 | CY25: 10,450—10,550 | CZ25: 10,150—10,350 | DA25: 9,600—9,800 | DB25: 8,900—9,100 | DC25: 8,400—8,500
B26: 25 | C26: Butadiene EXW Sinopec's offer | BP26: 7200 | BQ26: 7200 | BR26: 7000 | BS26: 6700 | BT26: 5900 | BU26: 5500 | BV26: 4600 | BW26: 4600 | BX26: 4200 | BY26: 6000 | BZ26: 6300 | CA26: 6500 | CB26: — | CC26: 7400 | CD26: 8300 | CE26: 8400 | CF26: 8600 | CG26: 9500 | CH26: 11000 | CI26: 11000 | CJ26: 11000 | CK26: 11000 | CL26: 9900 | CM26: 9900 | CN26: 9900 | CO26: 9900 | CP26: 9700 | CQ26: 10200 | CR26: 11000 | CS26: 11600 | CT26: 12400 | CU26: 11600 | CV26: 11500 | CW26: 10700 | CX26: 10500 | CY26: 10300 | CZ26: 10300 | DA26: 9400 | DB26: 8700 | DC26: 7800
B27: 26 | C27: E-SBR 1502 CIF China | H27: 1175 | I27: 1195 | J27: 1195 | K27: 1235 | L27: 1290 | M27: 1290 | N27: 1365 | O27: 1365 | P27: 1450 | Q27: 1600 | R27: 1675 | S27: 1750 | T27: 1800 | U27: 1800 | V27: 1800 | W27: 1750 | X27: 1700 | Y27: 1675 | Z27: 1625 | AA27: 1625 | AB27: 1675 | AC27: 1675 | AD27: 1695 | AE27: 1695 | AF27: 1800 | AG27: 1900 | AH27: 1900 | AI27: 2050 | AJ27: 2100 | AK27: 2100 | AL27: 2050 | AM27: 2000 | AN27: 1950 | AO27: 1950 | AP27: 1950 | AQ27: 1950 | AR27: 1925 | AS27: 1850 | AT27: 1800 | AU27: 1725 | AV27: 1700 | AW27: 1700 | AX27: 1750 | AY27: 1750 | AZ27: 1800 | BA27: 1850 | BB27: 1925 | BC27: 1950 | BD27: 2000 | BE27: 2025 | BF27: 2000 | BG27: 2000 | BH27: 1950 | BI27: 1900 | BJ27: 1825 | BK27: 1825 | BL27: 1775 | BM27: 1775 | BN27: 1850 | BO27: 1900 | BP27: 1900 | BQ27: 1950 | BR27: 1900 | BS27: 1950 | BT27: 2000 | BU27: 1975 | BV27: 1950 | BW27: 1900 | BX27: 1900 | BY27: 1800 | BZ27: 1800 | CA27: 1800 | CB27: 1800 | CC27: 1800 | CD27: 1825 | CE27: 1850 | CF27: 1850 | CG27: 1850 | CH27: 1950 | CI27: 1950 | CJ27: 1950 | CK27: 1950 | CL27: 1950 | CM27: 1950 | CN27: 1950 | CO27: 1950 | CP27: 1950 | CQ27: 1900 | CR27: 1900 | CS27: 1925 | CT27: 2000 | CU27: 2000 | CV27: 2000 | CW27: 2000 | CX27: — | CY27: — | CZ27: 1850 | DA27: 1850 | DB27: 1850 | DC27: —
A28: USA | B28: 27 | C28: Butadiene contract FD NWE FOB US Gulf, ¢/lb | Y28: 48.75 | Z28: 48.75 | AA28: 48.75 | AB28: 48.75 | AC28: 41.5 | AD28: 41.5 | AE28: 41.5 | AF28: 41.5 | AG28: 41.5 | AH28: 41.5 | AI28: 41.5 | AJ28: 41.5 | AK28: 50.75 | AL28: 50.75 | AM28: 50.75 | AN28: 50.75 | AO28: 50.75 | AP28: 55.25 | AQ28: 55.25 | AR28: 55.25 | AS28: 55.25 | AT28: 62 | AU28: 62 | AV28: 62 | AW28: 62 | AX28: 72 | AY28: 72 | AZ28: 72 | BA28: 72 | BB28: 72 | BC28: 90 | BD28: 90 | BE28: 90 | BF28: 90 | BG28: 97 | BH28: 97 | BI28: 97 | BJ28: 97 | BK28: 90 | BL28: 90 | BM28: 90 | BN28: 90 | BO28: 90 | BP28: 80 | BQ28: 80 | BR28: 80 | BS28: 80 | BT28: 65 | BU28: 65 | BV28: 65 | BW28: 65 | BX28: 62 | BY28: 62 | BZ28: 62 | CA28: 62 | CB28: 65 | CC28: 65 | CD28: 65 | CE28: 65 | CF28: 68 | CG28: 68 | CH28: 68 | CI28: 68 | CJ28: 79 | CK28: 79 | CL28: 79 | CM28: 79 | CN28: 79 | CO28: 79 | CP28: 79 | CQ28: 79 | CR28: 79 | CS28: 81 | CT28: 81 | CU28: 81 | CV28: 81 | CW28: 87.25 | CX28: 87.25 | CY28: 87.25 | CZ28: 87.25 | DA28: 87.25 | DB28: 87 | DC28: 87 | DD28: 87 | DE28: 87
B29: 28 | C29: Butadiene contract FD NWE FOB US Gulf, $/t | BK29: 1984 | BL29: 1984 | BM29: 1984 | BN29: 1984 | BO29: 1984 | BP29: 1764 | BQ29: 1764 | BR29: 1764 | BS29: 1764 | BT29: 1433 | BU29: 1433 | BV29: 1433 | BW29: 1433 | BX29: 1367 | BY29: 1367 | BZ29: 1367 | CA29: 1367 | CB29: 1433 | CC29: 1433 | CD29: 1433 | CE29: 1433 | CF29: 1499 | CG29: 1499 | CH29: 1499 | CI29: 1499 | CJ29: 1742 | CK29: 1742 | CL29: 1742 | CM29: 1742 | CN29: 1742 | CO29: 1742 | CP29: 1742 | CQ29: 1742 | CR29: 1742 | CS29: 1786 | CT29: 1786 | CU29: 1786 | CV29: 1786 | CW29: 1924 | CX29: 1924 | CY29: 1924 | CZ29: 1924 | DA29: 1924 | DB29: 1918 | DC29: 1918 | DD29: 1918 | DE29: 1918
B30: 29 | C30: Butadiene FOB US Gulf, ¢/lb | AG30: — | AH30: — | AI30: — | AJ30: — | AK30: — | AL30: — | AM30: — | AN30: — | AO30: — | AP30: — | AQ30: — | AR30: — | AS30: — | AT30: — | AU30: — | AV30: — | AW30: — | AX30: — | AY30: — | AZ30: — | BA30: — | BB30: — | BC30: — | BD30: — | BE30: — | BF30: — | BG30: — | BH30: — | BI30: — | BJ30: — | BK30: — | BL30: — | BM30: — | BN30: — | BO30: — | BP30: — | BQ30: — | BR30: — | BS30: — | BT30: — | BU30: — | BV30: — | BW30: — | BX30: — | BY30: — | BZ30: — | CA30: — | CB30: — | CC30: — | CD30: — | CE30: — | CF30: — | CG30: — | CH30: — | CI30: — | CJ30: — | CK30: — | CL30: — | CM30: — | CN30: — | CO30: — | CP30: — | CQ30: — | CR30: — | CS30: — | CT30: — | CU30: — | CV30: — | CW30: — | CX30: — | CY30: — | CZ30: — | DA30: — | DB30: — | DC30: —
B31: 30 | C31: Butadiene FOB US Gulf, $/t | AG31: — | AH31: — | AI31: — | AJ31: — | AK31: — | AL31: — | AM31: — | AN31: — | AO31: — | AP31: — | AQ31: — | AR31: — | AS31: — | AT31: — | AU31: — | AV31: — | AW31: — | AX31: — | AY31: — | AZ31: — | BA31: — | BB31: — | BC31: — | BD31: — | BE31: — | BF31: — | BG31: — | BH31: — | BI31: — | BJ31: — | BK31: — | BL31: — | BM31: — | BN31: — | BO31: — | BP31: — | BQ31: — | BR31: — | BS31: — | BT31: — | BU31: — | BV31: — | BW31: — | BX31: — | BY31: — | BZ31: — | CA31: — | CB31: — | CC31: — | CD31: — | CE31: — | CF31: — | CG31: — | CH31: — | CI31: — | CJ31: — | CK31: — | CL31: — | CM31: — | CN31: — | CO31: — | CP31: — | CQ31: — | CR31: — | CS31: — | CT31: — | CU31: — | CV31: — | CW31: — | CX31: — | CY31: — | CZ31: — | DA31: — | DB31: — | DC31: —
B32: 31 | C32: Propylene FD US Gulf, ¢/lb | BX32: — | BY32: 55 | BZ32: 53.5 | CA32: 56.5 | CB32: 56.5 | CC32: 58.5 | CD32: 61.125 | CE32: 63.5 | CF32: 66.25 | CG32: 74 | CH32: 69.25 | CI32: 65 | CJ32: 66.75 | CK32: 66.25 | CL32: 68 | CM32: 66.25 | CN32: 64 | CO32: 64.5 | CP32: 61 | CQ32: 55.75 | CR32: 55.75 | CS32: 53.5 | CT32: 54 | CU32: 48.75 | CV32: 45.25 | CW32: 45.25 | CX32: 45.25 | CY32: 41.25 | CZ32: 46 | DA32: 46.25 | DB32: 49.5 | DC32: 49 | DD32: 46 | DE32: 44 | DF32: 44.5
B33: 32 | C33: Propylene FD US Gulf, $/t | BX33: — | BY33: =BY32*2.20462*10 -> 1212.541 | BZ33: =BZ32*2.20462*10 -> 1179.4717 | CA33: =CA32*2.20462*10 -> 1245.6103 | CB33: =CB32*2.20462*10 -> 1245.6103 | CC33: =CC32*2.20462*10 -> 1289.7027 | CD33: =CD32*2.20462*10 -> 1347.574 | CE33: =CE32*2.20462*10 -> 1399.9337 | CF33: =CF32*2.20462*10 -> 1460.5607 | ... DF33: =DF32*2.20462*10 -> 981.0559
A34: Russia | B34: 33 | C34: PP homo CPT CFD | BY34: 145,000—150,000 | BZ34: 144,000—150,000 | CA34: 145,000—155,000 | CB34: 145,000—155,000 | CC34: 148,500—155,000 | CD34: 148,500—155,000 | CE34: 147,500—155,000 | CF34: 149,000—155,000 | CG34: 149,000—155,000 | CH34: 149,000—158,500 | CI34: 150,000—158,900 | CJ34: 153,000—158,900 | CK34: 160,500—165,900 | CL34: 161,000—166,900 | CM34: 161,000—167,900 | CN34: 160,500—167,500 | CO34: 160,500—167,500 | CP34: 160,500—167,500 | CQ34: 155,300—163,000 | CR34: 149,300—163,000 | CS34: 150,000—157,000 | CT34: 149,300—158,000 | CU34: 145,300—158,000 | CV34: 145,300—158,000 | CW34: 130,000—133,000 | CX34: 128,000—133,000 | CY34: 128,000—133,000 | CZ34: 125,300—133,000 | DA34: 125,300—133,000 | DB34: 117,300—123,000 | DC34: 116,300—123,000 | DD34: 115,300—123,000 | DE34: 111,000—123,000 | DF34: 103,300—108,000 | DG34: 103,300—108,000 | DH34: 102,300—108,000 | DI34: 102,300—108,800 | DJ34: 102,300—108,800 | DK34: 106,000—108,000 | DL34: 106,000—108,000 | DM34: 106,000—108,000 | DN34: 106,000—108,000 | DO34: 103,500—108,800 | DP34: 103,500—108,800 | DQ34: 105,000—109,000 | DR34: 105,000—109,000 | DS34: 105,000—110,000 | DT34: 105,000—109,000 | DU34: 105,000—109,000 | DV34: 105,000—108,000 | DW34: 105,000—108,000 | DX34: 106,000—110,000 | DY34: 106,000—114,000 | DZ34: 106,000—114,000 | EA34: 106,000—114,000 | EB34: 110,000—114,000 | EC34: 110,000—116,000 | ED34: 110,000—116,000 | EE34: 110,000—116,000 | EF34: 115,000—120,000 | EG34: 115,000—120,000 | EH34: 115,000—120,000 | EI34: 116,000—120,500 | EJ34: 124,000—130,500 | EK34: 124,000—131,000 | EL34: 124,000—131,000 | EM34: 124,000—131,000 | EN34: 133,000—140,000 | EO34: 133,000—140,000 | EP34: 134,000—140,000 | EQ34: 134,500—140,000 | ER34: 137,500—145,000 | ES34: 135,000—145,000 | ET34: 135,000—145,000 | EU34: 134,000—142,000 | EV34: 134,500—145,000 | EW34: 136,000—145,000 | EX34: 136,500—143,000 | EY34: 137,500—143,000 | EZ34: 137,500—143,000 | FA34: 137,500—143,000 | FB34: 135,500—143,000 | FC34: 150,000—159,000 | FD34: 150,000—159,000 | FE34: 150,000—159,000 | FF34: 150,000—159,000 | FG34: 150,000—160,000 | FH34: 150,000—160,000 | FI34: 150,000—160,000 | FJ34: 150,000—160,000 | FK34: 150,000—160,000 | FL34: 150,000—160,000 | FM34: 150,000—160,000 | FN34: 150,000—160,000 | FO34: 143,000—159,000 | FP34: 141,000—159,000 | FQ34: 139,000—159,000 | FR34: 139,000—159,000 | FS34: 139,000—159,000 | FT34: 137,000—143,000 | FU34: 137,000—143,000 | FV34: 138,000—143,000 | FW34: 138,000—143,000 | FX34: 136,000—143,000 | FY34: 136,000—143,000 | FZ34: 136,000—143,000 | GA34: 136,000—143,000 | GB34: 138,000—143,000 | GC34: 138,000—143,000 | GD34: 138,000—144,000 | GE34: 138,000—144,000 | GF34: 138,000—143,000 | GG34: 138,000—143,000 | GH34: 138,000—143,000 | GI34: 138,000—143,000 | GJ34: 138,000—143,000 | GK34: 138,000—143,000 | GL34: 138,000—143,000 | GM34: 138,000—143,000 | GN34: 138,000—143,000 | GO34: 138,000—143,000 | GP34: 140,000—148,000 | GQ34: 140,000—148,000 | GR34: 134,000—148,000 | GS34: 134,000—148,000 | GT34: 133,000—143,000 | GU34: 133,000—143,000 | GV34: 133,000—143,000 | GW34: 132,000—143,000 | GX34: 132,000—143,000 | GY34: 132,000—143,000 | GZ34: 132,000—143,000 | HA34: 132,000—143,000 | HB34: 132,000—143,000 | HC34: 131,500—143,000 | HD34: 126,000—143,000 | HE34: 126,000—143,000 | HF34: 131,000—148,000 | HG34: 132,000—148,000 | HH34: 132,000—148,000 | HI34: 132,000—148,000 | HJ34: 132,000—148,000 | HK34: 132,000—148,000 | HL34: 131,000—148,000 | HM34: 131,000—148,000 | HN34: 132,000—148,000 | HO34: 136,000—153,000 | HP34: 136,000—153,000 | HQ34: 136,000—153,000 | HR34: 145,000—158,000 | HS34: 145,000—158,000 | HT34: 144,000—158,000 | HU34: 144,000—158,000 | HV34: 144,000—158,000 | HW34: 144,000—158,000 | HX34: 144,000—158,000 | HY34: 145,000—159,000 | HZ34: 150,000—164,000 | IA34: 142,000—162,000 | IB34: 135,000—155,000 | IC34: 135,000—155,000 | ID34: 135,000—155,000 | IE34: 135,000—152,000 | IF34: 135,000—148,000 | IG34: 135,000—145,000 | IH34: 135,000—145,000 | II34: 135,000—145,000 | IJ34: 130,000—143,000 | IK34: 130,000—143,000 | IL34: 130,000—140,000 | IM34: 127,000—136,000 | IN34: 127,000—136,000 | IO34: 127,000—136,000 | IP34: 120,000—132,000 | IQ34: 120,000—132,000 | IR34: 118,000—125,000 | IS34: 118,000—125,000 | IT34: 118,000—123,500 | IU34: — | IV34: — | IW34: — | IX34: — | IY34: — | IZ34: — | JA34: — | JB34: — | JC34: — | JD34: — | JE34: — | JF34: — | JG34: — | JH34: — | JI34: — | JJ34: — | JK34: — | JL34: — | JM34: — | JN34: — | JO34: — | JP34: — | JQ34: — | JR34: — | JS34: — | JT34: — | JU34: — | JV34: — | JW34: — | JX34: — | JY34: — | JZ34: — | KA34: — | KB34: — | KC34: — | KD34: — | KE34: — | KF34: — | KG34: — | KH34: — | KI34: — | KJ34: — | KK34: — | KL34: — | KM34: — | KN34: — | KO34: —
B35: 34 | C35: PP block copolymer CPT CFD | BY35: 163,000—170,000 | BZ35: 163,000—166,000 | CA35: 163,000—168,000 | CB35: 162,500—168,000 | CC35: 166,000—168,000 | CD35: 166,000—168,000 | CE35: 166,000—170,000 | CF35: 166,000—170,000 | CG35: 166,000—170,000 | CH35: 166,000—170,000 | CI35: 166,000—175,000 | CJ35: 166,000—190,000 | CK35: 174,000—197,500 | CL35: 174,000—197,300 | CM35: 174,000—197,300 | CN35: 174,000—193,000 | CO35: 174,000—193,000 | CP35: 174,000—193,000 | CQ35: 174,000—177,000 | CR35: 174,000—176,000 | CS35: 165,000—169,000 | CT35: 164,000—169,000 | CU35: 164,000—169,000 | CV35: 161,000—169,000 | CW35: 144,000—144,000 | CX35: 141,500—144,000 | CY35: 141,500—144,000 | CZ35: 140,300—144,000 | DA35: 140,300—144,000 | DB35: 126,300—129,000 | DC35: 118,300—129,000 | DD35: 118,300—129,000 | DE35: 126,800—129,000 | DF35: 119,000—129,000 | DG35: 119,000—129,000 | DH35: 119,000—129,000 | DI35: 119,000—129,000 | DJ35: 119,000—129,000 | DK35: 119,000—129,000 | DL35: 119,000—129,000 | DM35: 119,000—129,000 | DN35: 119,000—129,000 | DO35: 119,000—129,000 | DP35: 119,000—120,000 | DQ35: 118,500—120,000 | DR35: 118,500—120,000 | DS35: 118,000—120,000 | DT35: 118,000—120,000 | DU35: 118,000—120,000 | DV35: 118,000—120,000 | DW35: 118,000—120,000 | DX35: 118,500—120,000 | DY35: 118,500—120,000 | DZ35: 118,500—120,000 | EA35: 118,500—120,000 | EB35: 119,000—121,000 | EC35: 119,000—121,000 | ED35: 119,000—121,000 | EE35: 119,000—121,000 | EF35: 124,000—126,000 | EG35: 124,000—126,000 | EH35: 124,000—126,000 | EI35: 125,000—127,000 | EJ35: 133,000—136,000 | EK35: 133,000—136,000 | EL35: 133,000—136,000 | EM35: 133,000—136,000 | EN35: 143,000—146,000 | EO35: 143,000—146,000 | EP35: 143,000—146,000 | EQ35: 143,000—146,000 | ER35: 148,000—155,000 | ES35: 148,000—155,000 | ET35: 148,000—155,000 | EU35: 146,000—155,000 | EV35: 146,000—155,000 | EW35: 146,000—155,000 | EX35: 146,000—155,000 | EY35: 146,000—155,000 | EZ35: 146,000—155,000 | FA35: 147,000—157,000 | FB35: 148,000—157,000 | FC35: 161,000—169,000 | FD35: 161,000–169,000 | FE35: 161,000–169,000 | FF35: 161,000–169,000 | FG35: 161,000–170,000 | FH35: 161,000–170,000 | FI35: 161,000–170,000 | FJ35: 161,000–170,000 | FK35: 161,000—170,000 | FL35: 161,000—170,000 | FM35: 161,000—170,000 | FN35: 161,000—170,000 | FO35: 161,000—170,000 | FP35: 161,000—170,000 | FQ35: 159,000—170,000 | FR35: 159,000—170,000 | FS35: 159,000—170,000 | FT35: 145,000—152,000 | FU35: 145,000—152,000 | FV35: 145,000—152,000 | FW35: 145,000—152,000 | FX35: 145,000—152,000 | FY35: 145,000—152,000 | FZ35: 145,000—152,000 | GA35: 145,000—152,000 | GB35: 147,000—153,000 | GC35: 147,000—153,000 | GD35: 147,000—151,000 | GE35: 147,000—151,000 | GF35: 140,000—149,000 | GG35: 140,000—149,000 | GH35: 140,000—149,000 | GI35: 140,000—149,000 | GJ35: 140,000—149,000 | GK35: 140,000—149,000 | GL35: 140,000—149,000 | GM35: 140,000—149,000 | GN35: 140,000—149,000 | GO35: 140,000—149,000 | GP35: 140,000—149,000 | GQ35: 140,000—149,000 | GR35: 140,000—149,000 | GS35: 140,000—149,000 | GT35: 140,000—149,000 | GU35: 140,000—149,000 | GV35: 140,000—149,000 | GW35: 140,000—148,000 | GX35: 140,000—148,000 | GY35: 140,000—157,000 | GZ35: 140,000—148,000 | HA35: 140,000—148,000 | HB35: 140,000—148,000 | HC35: 140,000—148,000 | HD35: 140,000—148,000 | HE35: 140,000—148,000 | HF35: 142,000—153,000 | HG35: 142,000—153,000 | HH35: 142,000—153,000 | HI35: 142,000—153,000 | HJ35: 142,000—153,000 | HK35: 142,000—153,000 | HL35: 142,000—153,000 | HM35: 142,000—153,000 | HN35: 142,000—153,000 | HO35: 142,000—158,000 | HP35: 146,000—158,000 | HQ35: 146,000—158,000 | HR35: 158,000—166,000 | HS35: 158,000—166,000 | HT35: 155,000—166,000 | HU35: 155,000—166,000 | HV35: 156,000—165,000 | HW35: 156,000—165,000 | HX35: 156,000—165,000 | HY35: 156,000—166,000 | HZ35: 166,000—176,000 | IA35: 163,000—175,000 | IB35: 149,000—170,000 | IC35: 149,000—170,000 | ID35: 149,000—170,000 | IE35: 149,000—165,000 | IF35: 149,000—164,000 | IG35: 149,000—162,000 | IH35: 149,000—162,000 | II35: 149,000—162,000 | IJ35: 143,000—159,000 | IK35: 143,000—159,000 | IL35: 143,000—156,000 | IM35: 138,000—151,000 | IN35: 138,000—151,000 | IO35: 138,000—151,000 | IP35: 133,000—146,000 | IQ35: 133,000—146,000 | IR35: 131,000—141,000 | IS35: 131,000—141,000 | IT35: 131,000—140,000 | IU35: — | IV35: — | IW35: — | IX35: — | IY35: — | IZ35: — | JA35: — | JB35: — | JC35: — | JD35: — | JE35: — | JF35: — | JG35: — | JH35: — | JI35: — | JJ35: — | JK35: — | JL35: — | JM35: — | JN35: — | JO35: — | JP35: — | JQ35: — | JR35: — | JS35: — | JT35: — | JU35: — | JV35: — | JW35: — | JX35: — | JY35: — | JZ35: — | KA35: — | KB35: — | KC35: — | KD35: — | KE35: — | KF35: — | KG35: — | KH35: — | KI35: — | KJ35: — | KK35: — | KL35: — | KM35: — | KN35: — | KO35: —
B36: 35 | C36: 1-Butanol FCA VFD | BY36: 147,600—170,000 | BZ36: 147,600—165,000 | CA36: 147,600—165,000 | CB36: 150,000—165,000 | CC36: 150,000—165,000 | CD36: 150,000—165,000 | CE36: 150,000—165,000 | CF36: 150,000—165,000 | CG36: 150,000—162,000 | CH36: 150,000—162,000 | CI36: 150,000—162,000 | CJ36: 175,000—177,000 | CK36: 150,000—176,000 | CL36: 150,000—176,000 | CM36: 150,000—176,000 | CN36: 150,000—178,800 | CO36: 150,000—165,000 | CP36: 150,000—165,000 | CQ36: 150,000—165,000 | CR36: 150,000—151,000 | CS36: 130,000—132,000 | CT36: 115,000—130,000 | CU36: 115,000—130,000 | CV36: 115,000—130,000 | CW36: 105,000—107,000 | CX36: 88,000—90,000 | CY36: 80,000—90,000 | CZ36: 80,000—90,000 | DA36: 80,000—90,000 | DB36: 60,000—76,000 | DC36: 55,000—76,000 | DD36: 55,000—76,000 | DE36: 55,000—76,000 | DF36: 55,000—60,000 | DG36: 55,000—60,000 | DH36: 50,000—60,000 | DI36: 50,000—60,000 | DJ36: 50,000—60,000 | DK36: 40,000—50,000 | DL36: 40,000—50,000 | DM36: 40,000—50,000 | DN36: 40,000—50,000 | DO36: 52,000—53,000 | DP36: 40,000—52,000 | DQ36: 40,000—52,000 | DR36: 40,000—52,000 | DS36: — | DT36: 40,000—52,000 | DU36: 38,000—52,000 | DV36: 38,000—54,000 | DW36: 38,000—54,000 | DX36: 38,000—52,000 | DY36: 38,000—54,000 | DZ36: 38,000—54,000 | EA36: 38,000—59,000 | EB36: 38,000—57,000 | EC36: 38,000—56,000 | ED36: 38,000—56,000 | EE36: 45,000—56,000 | EF36: 45,000—56,000 | EG36: 45,000—56,000 | EH36: 45,000—56,000 | EI36: 45,000—56,000 | EJ36: 50,000—56,000 | EK36: 50,000—56,000 | EL36: 50,000—56,000 | EM36: 50,000—56,000 | EN36: 50,000—56,000 | EO36: 53,000—63,000 | EP36: 53,000—63,000 | EQ36: 53,000—63,000 | ER36: 58,000—63,000 | ES36: 58,000—63,000 | ET36: 58,000—63,000 | EU36: 58,000—63,000 | EV36: 58,000—63,000 | EW36: 58,000—63,000 | EX36: 63,000—68,000 | EY36: 63,000—68,000 | EZ36: 63,000—68,000 | FA36: 63,000—68,000 | FB36: 63,000—68,000 | FC36: — | FD36: — | FE36: — | FF36: 84,500—85,000 | FG36: 84,500—85,000 | FH36: 84,500—85,000 | FI36: 84,500—85,000 | FJ36: 84,500—85,000 | FK36: 100,000—100,500 | FL36: 100000 | FM36: 100000 | FN36: 100000 | FO36: 100,000—102,000 | FP36: 100,000—102,000 | FQ36: 100,000—102,000 | FR36: 100000 | FS36: 90,000—91,000 | FT36: 90,000—105,600 | FU36: 90,000—99,600 | FV36: 68,000—99,600 | FW36: 68,000—90,600 | FX36: 90,600—96,000 | FY36: 90,600—96,000 | FZ36: 90,600—100,000 | GA36: 90,000—100,000 | GB36: 90,000—100,000 | GC36: 90,000—100,000 | GD36: 90,000—100,000 | GE36: 115000 | GF36: 115000 | GG36: 115000 | GH36: 115000 | GI36: 100,000—115,000 | GJ36: 120000 | GK36: 120000 | GL36: 120000 | GM36: 120000 | GN36: 115000 | GO36: 115000 | GP36: 114,000—115,000 | GQ36: 114,000—115,000 | GR36: 114,000—115,000 | GS36: 92,500—115,000 | GT36: 92,500—115,000 | GU36: 92,500—115,000 | GV36: 102,000—104,000 | GW36: 104,000—121,000 | GX36: 104,000—121,000 | GY36: 104,000—121,000 | GZ36: 104,000—121,000 | HA36: 114,000—121,000 | HB36: 114,000—121,000 | HC36: 114,000—121,000 | HD36: 114,000—121,000 | HE36: 110,000—121,000 | HF36: 110,000—121,000 | HG36: 110,000—121,000 | HH36: 110,000—121,000 | HI36: 110,000—121,000 | HJ36: 105,000—115,000 | HK36: 105,000—115,000 | HL36: 105,000—115,000 | HM36: 105,000—115,000 | HN36: 85,000—105,000 | HO36: 85,000—105,000 | HP36: 85,000—105,000 | HQ36: 85,000—105,000 | HR36: 85,000—105,000 | HS36: 85,000—95,000 | HT36: 85,000—95,000 | HU36: 53,000—56,000 | HV36: 85000 | HW36: 85,000—103,000 | HX36: 85,000—103,000 | HY36: 85,000—98,000 | HZ36: 85,000—98,000 | IA36: 85,000—98,000 | IB36: 85,000—98,000 | IC36: 85,000—95,000 | ID36: 85,000—93,000 | IE36: 85,000—93,000 | IF36: 85,000—95,000 | IG36: 80,000—91,000 | IH36: 80,000—91,000 | II36: 58,000—65,000 | IJ36: 58,000—65,000 | IK36: 58,000—65,000 | IL36: 70,000—88,000 | IM36: 70,000—88,000 | IN36: 70,000—88,000 | IO36: 70,000—88,000 | IP36: 44,000—52,400 | IQ36: 44,000—52,400 | IR36: 44,000—52,400 | IS36: 44,000—52,400 | IT36: 44,000—52,400 | IU36: 50,000—76,000 | IV36: 50,000—76,000 | IW36: 50,000—76,000 | IX36: 50,000—76,000 | IY36: 50,000—76,000 | IZ36: 50,000—76,000 | JA36: 50,000—76,000 | JB36: 50,000—76,000 | JC36: 50,000—71,000 | JD36: 50,000—71,000 | JE36: 50,000—71,000 | JF36: 50,000—71,000 | JG36: 50,000—71,000 | JH36: 71000 | JI36: 71000 | JJ36: 71000 | JK36: 71000 | JL36: — | JM36: 71000 | JN36: 71000 | JO36: 71000 | JP36: 71000 | JQ36: 55,000—71,000 | JR36: 55,000—71,000 | JS36: 55,000—71,000 | JT36: — | JU36: 51,000—71,000 | JV36: 51,000—71,000 | JW36: 51,000—71,000 | JX36: — | JY36: 51,000—71,000 | JZ36: 51,000—71,000 | KA36: 51,000—71,000 | KB36: — | KC36: 55,000—71,000 | KD36: 55,000—71,000 | KE36: 55,000—71,000 | KF36: — | KG36: 70,000—87,000 | KH36: 70,000—87,000 | KI36: 70,000—87,000 | KJ36: 70,000—87,000 | KK36: 80,000—100,000 | KL36: 80,000—101,000 | KM36: 80,000—101,000 | KN36: 80,000—101,000 | KO36: 102000
B37: 36 | C37: 2-Ethylhexanol FCA VFD | BZ37: 203,000—205,000 | CA37: 203,000—205,000 | CB37: 201,000—205,000 | CC37: 201,000—205,000 | CD37: 201,000—205,000 | CE37: 201,000—205,000 | CF37: 205,000—207,000 | CG37: 205,000—207,000 | CH37: 205,000—207,000 | CI37: 205,000—207,000 | CJ37: 210,000—216,000 | CK37: 210,000—216,000 | CL37: 210,000—216,000 | CM37: 216,000—235,000 | CN37: 216,000—235,000 | CO37: 216,000—235,000 | CP37: 216,000—235,000 | CQ37: 219,000—235,000 | CR37: 219,000—235,000 | CS37: 215,000—225,000 | CT37: 215,000—225,000 | CU37: 215,000—225,000 | CV37: 215,000—225,000 | CW37: 205,000—215,000 | CX37: 205,000—210,000 | CY37: 202,000—210,000 | CZ37: 202,000—210,000 | DA37: 202,000—210,000 | DB37: — | DC37: 158,000—160,000 | DD37: 158,000—160,000 | DE37: 158,000—160,000 | DF37: 155,000—155,500 | DG37: 155,000—155,500 | DH37: 145,000—146,000 | DI37: 145,000—146,000 | DJ37: 145,000—146,000 | DK37: 145,000—146,000 | DL37: 145,000—146,000 | DM37: 145,000—146,000 | DN37: 145,000—146,000 | DO37: 141,000—142,000 | DP37: 140,000—141,000 | DQ37: 140,000—145,000 | DR37: 140,000—145,000 | DS37: 140,000—145,000 | DT37: 141,000—142,000 | DU37: 141,000—142,000 | DV37: 141,000—142,000 | DW37: 141,000—142,000 | DX37: — | DY37: 152,000—153,000 | DZ37: 152,000—153,000 | EA37: 165,000—170,000 | EB37: 165,000—172,000 | EC37: 165,000—172,000 | ED37: 165,000—172,000 | EE37: 177000 | EF37: 175,000—177000 | EG37: 175,000—177000 | EH37: 175,000—177000 | EI37: 175,000—177000 | EJ37: — | EK37: 170,000—179000 | EL37: 170,000—179000 | EM37: 170,000—179000 | EN37: 170,000—179000 | EO37: 178,000—180,000 | EP37: 178,000—180,000 | EQ37: 178,000—180,000 | ER37: — | ES37: 175,000—175,500 | ET37: 175,000—175,500 | EU37: 175,000—175,500 | EV37: 175,000—175,500 | EW37: — | EX37: — | EY37: — | EZ37: — | FA37: 180,000—180,500 | FB37: 180,000—180,500 | FC37: 180,000—180,500 | FD37: 180,000—180,500 | FE37: 180,000—180,500 | FF37: 177,500—178,000 | FG37: 177,500—178,000 | FH37: 177,500—178,000 | FI37: 177,500—178,000 | FJ37: 177,500—178,000 | FK37: — | FL37: — | FM37: — | FN37: 240000 | FO37: 240000 | FP37: 240000 | FQ37: 240000 | FR37: 240,000—240,500 | FS37: 200000 | FT37: 200,000—215,000 | FU37: 200,000—215,000 | FV37: 200,000—215,000 | FW37: 215000 | FX37: 215000 | FY37: 215000 | FZ37: 215000 | GA37: 215000 | GB37: 215000 | GC37: 215000 | GD37: 215000 | GE37: 215000 | GF37: 215000 | GG37: 215000 | GH37: 215000 | GI37: 205000 | GJ37: 205000 | GK37: 205000 | GL37: 205000 | GM37: 205000 | GN37: 210,000—230,000 | GO37: 210,000—230,000 | GP37: 210,000—230,000 | GQ37: 210,000—230,000 | GR37: 210,000—230,000 | GS37: 210,000—230,000 | GT37: 210,000—230,000 | GU37: 210,000—230,000 | GV37: 180,000—230,000 | GW37: 180,000—207,000 | GX37: 180,000—207,000 | GY37: 180,000—207,000 | GZ37: 170,000—192,000 | HA37: 170,000—192,000 | HB37: 170,000—192,000 | HC37: 170,000—192,000 | HD37: 170,000—192,000 | HE37: 170,000—192,000 | HF37: 170,000—192,000 | HG37: 170,000—192,000 | HH37: 170,000—192,000 | HI37: 170,000—192,000 | HJ37: 170,000—192,000 | HK37: 170,000—192,000 | HL37: 170,000—192,000 | HM37: 170,000—192,000 | HN37: 175,000—192,000 | HO37: 175,000—192,000 | HP37: 175,000—192,000 | HQ37: 175,000—192,000 | HR37: 175,000—192,000 | HS37: 170,000—187,000 | HT37: 170,000—187,000 | HU37: — | HV37: 175,000—180,000 | HW37: 175,000—183,000 | HX37: 175,000—183,000 | HY37: 165,000—175,000 | HZ37: 165,000—175,000 | IA37: 165,000—175,000 | IB37: 165,000—175,000 | IC37: 160,000—176,000 | ID37: 160,000—176,000 | IE37: 160,000—176,000 | IF37: 160,000—176,000 | IG37: 135,000—166,000 | IH37: 135,000—166,000 | II37: 135,000—166,000 | IJ37: 135,000—166,000 | IK37: 135,000—166,000 | IL37: 130,000—156,000 | IM37: 130,000—156,000 | IN37: 130,000—156,000 | IO37: 130,000—156,000 | IP37: 125,000—156,000 | IQ37: 125,000—156,000 | IR37: 125,000—156,000 | IS37: 125,000—156,000 | IT37: — | IU37: 140000 | IV37: 140000 | IW37: 140000 | IX37: 140000 | IY37: 140,000—151,000 | IZ37: 140,000—151,000 | JA37: 140,000—151,000 | JB37: 140,000—151,000 | JC37: 140,000—151,000 | JD37: 140,000—151,000 | JE37: 140,000—151,000 | JF37: 140,000—151,000 | JG37: 140,000—151,000 | JH37: 140000 | JI37: 140,000—151,000 | JJ37: 140,000—151,000 | JK37: 140,000—151,000 | JL37: 137000 | JM37: 137000 | JN37: 137000 | JO37: 137000 | JP37: 137000 | JQ37: 133000 | JR37: 133000 | JS37: 133000 | JT37: — | JU37: 133000 | JV37: 133000 | JW37: 133000 | JX37: — | JY37: 132000 | JZ37: 132000 | KA37: 132000 | KB37: — | KC37: 132000 | KD37: 132000 | KE37: 132000 | KF37: — | KG37: 150000 | KH37: 150000 | KI37: 150000 | KJ37: 150000 | KK37: 160000 | KL37: 160000 | KM37: 160000 | KN37: 160000 | KO37: 145000
B38: 37 | C38: Acrylic acid EXW VFD | BZ38: 262,000—267,000 | CA38: 262,000—267,000 | CB38: 262,000—310,000 | CC38: 262,000—310,000 | CD38: 262,000—310,000 | CE38: 262,000—310,000 | CF38: 267,000—280,000 | CG38: 267,000—280,000 | CH38: 267,000—280,000 | CI38: 267,000—280,000 | CJ38: 275,000—280,000 | CK38: 275,000—280,000 | CL38: 275,000—280,000 | CM38: 275,000—280,000 | CN38: 275,000—280,000 | CO38: 280,000—281,000 | CP38: 280,000—281,000 | CQ38: 280,000—281,000 | CR38: 280,000—281,000 | CS38: 202,000—210,000 | CT38: 202,000—210,000 | CU38: 202,000—210,000 | CV38: 202,000—210,000 | CW38: 202,000—210,000 | CX38: 202,000—210,000 | CY38: 202,000—210,000 | CZ38: 202,000—210,000 | DA38: 202,000—210,000 | DB38: 182,000—182,500 | DC38: 182,000—188,000 | DD38: 182,000—188,000 | DE38: 182,000—188,000 | DF38: 182,000—188,000 | DG38: 182,000—188,000 | DH38: 182,000—188,000 | DI38: 182,000—188,000 | DJ38: 182,000—188,000 | DK38: 150,000—167,000 | DL38: 150,000—167,000 | DM38: 150,000—167,000 | DN38: 150,000—167,000 | DO38: 166,000—167,000 | DP38: 150,000—167,000 | DQ38: 150,000—167,000 | DR38: 150,000—167,000 | DS38: 142,000—150,000 | DT38: 142,000—150,000 | DU38: 142,000—150,000 | DV38: 142,000—150,000 | DW38: 120,000—142,000 | DX38: — | DY38: 137,500—138,000 | DZ38: 120,000—138,000 | EA38: 132500 | EB38: 132,500—140,000 | EC38: 132,500—140,000 | ED38: 132,500—140,000 | EE38: 132,500—140,000 | EF38: 139,500—140,000 | EG38: 139,500—140,000 | EH38: 139,500—140,000 | EI38: 139,500—142,000 | EJ38: 168,000—168,500 | EK38: 162,000—168,000 | EL38: 162,000—168,000 | EM38: 162,000—168,000 | EN38: — | EO38: 172,000—175,000 | EP38: 172,000—175,000 | EQ38: 172,000—175,000 | ER38: 161,000—164,000 | ES38: 161,000—162,000 | ET38: 161,000—162,000 | EU38: 161,000—162,000 | EV38: 161,000—162,000 | EW38: 157,000—170,000 | EX38: 157,000—170,000 | EY38: 157,000—170,000 | EZ38: 157,000—170,000 | FA38: 160,000—175,000 | FB38: 160,000—175,000 | FC38: 160,000—175,000 | FD38: 160,000—175,000 | FE38: 160,000—175,000 | FF38: 169,500—170,000 | FG38: 169,500—170,000 | FH38: 169,500—170,000 | FI38: 169,500—170,000 | FJ38: 178,500—179,500 | FK38: 180,000—180,500 | FL38: 180,000—180,500 | FM38: 180,000—180,500 | FN38: 175,000—180,000 | FO38: 175,000—180,000 | FP38: 175,000—180,000 | FQ38: 175,000—180,000 | FR38: 175,000—180,000 | FS38: 172,000—175,000 | FT38: 160,000—172,000 | FU38: 160,000—172,000 | FV38: 160,000—172,000 | FW38: 150,000—155,000 | FX38: 150,000—155,000 | FY38: 150,000—155,000 | FZ38: 145,000—150,000 | GA38: 145,000—150,000 | GB38: 145,000—150,000 | GC38: 145,000—150,000 | GD38: 145,000—150,000 | GE38: 145,000—150,000 | GF38: 145,000—150,000 | GG38: 145,000—150,000 | GH38: 145,000—150,000 | GI38: 140,000—145,000 | GJ38: 140,000—143,000 | GK38: 140,000—143,000 | GL38: 140,000—143,000 | GM38: 140,000—143,000 | GN38: 135,000—140,000 | GO38: 135,000—140,000 | GP38: 135,000—140,000 | GQ38: 135,000—140,000 | GR38: 136,500—141,500 | GS38: 136,500—141,500 | GT38: 136,500—141,500 | GU38: 136,500—141,500 | GV38: 141,000—141,500 | GW38: 141,000—148,000 | GX38: 141,000—148,000 | GY38: 141,000—148,000 | GZ38: 141,000—148,000 | HA38: 141,000—148,000 | HB38: 141,000—148,000 | HC38: 141,000—148,000 | HD38: 141,000—148,000 | HE38: 141,000—148,000 | HF38: 141,000—150,000 | HG38: 141,000—150,000 | HH38: 141,000—150,000 | HI38: 141,000—150,000 | HJ38: 141,000—150,000 | HK38: 141,000—150,000 | HL38: 141,000—150,000 | HM38: 141,000—150,000 | HN38: 141,000—150,000 | HO38: 141,000—150,000 | HP38: 141,000—150,000 | HQ38: 141,000—150,000 | HR38: 141,000—150,000 | HS38: 141,000—145,000 | HT38: 141,000—145,000 | HU38: — | HV38: 146,000—146,500 | HW38: 145,000—146,000 | HX38: 145,000—146,000 | HY38: 151,000—161,000 | HZ38: 151,000—161,000 | IA38: 151,000—161,000 | IB38: 151,000—161,000 | IC38: 156,000—156,500 | ID38: 156,000—156,500 | IE38: 156,000—156,500 | IF38: 156,000—156,500 | IG38: 146,000—154,000 | IH38: 146,000—154,000 | II38: 146,000—154,000 | IJ38: 146,000—154,000 | IK38: 146,000—154,000 | IL38: 146,000—154,000 | IM38: 146,000—154,000 | IN38: 146,000—154,000 | IO38: 146,000—154,000 | IP38: 146,000—154,000 | IQ38: 146,000—154,000 | IR38: 146,000—154,000 | IS38: 146,000—154,000 | IT38: — | IU38: 146000 | IV38: 146000 | IW38: 146000 | IX38: 146000 | IY38: 154000 | IZ38: 154000 | JA38: 154000 | JB38: 154000 | JC38: 144,000—146,000 | JD38: 144,000—146,000 | JE38: 144,000—146,000 | JF38: 144,000—146,000 | JG38: — | JH38: 146000 | JI38: 144,000—146,000 | JJ38: 144,000—146,000 | JK38: 144,000—146,000 | JL38: 146000 | JM38: 146000 | JN38: 146000 | JO38: 146000 | JP38: 146000 | JQ38: 140000 | JR38: 140000 | JS38: 140000 | JT38: — | JU38: 135000 | JV38: 135000 | JW38: 135000 | JX38: — | JY38: 135000 | JZ38: 135000 | KA38: 135000 | KB38: — | KC38: 135000 | KD38: 135000 | KE38: 135000 | KF38: — | KG38: 165000 | KH38: 165000 | KI38: 165000 | KJ38: 165000 | KK38: 190000 | KL38: 190000 | KM38: 190000 | KN38: 190000 | KO38: —
B39: 38 | C39: Phenol FCA VFD | Y39: 88,700—95,200 | Z39: 88,700—95,200 | AA39: 88,700—95,200 | AB39: 88,700—95,200 | AC39: 79,700—86,200 | AD39: 79,800—86,300 | AE39: 79,800—86,300 | AF39: 79,800—86,300 | AG39: 97,000—103,000 | AH39: 97,000—103,000 | AI39: 97,000—103,000 | AJ39: 97,000—103,000 | AK39: 120,000—126,400 | AL39: 120,000—126,400 | AM39: 120,000—126,400 | AN39: 120,000—126,400 | AO39: 120,000—126,400 | AP39: — | AQ39: 163,400—170,000 | AR39: 163,400—170,000 | AS39: 163,400—170,000 | AT39: 110,000—116,000 | AU39: 110,000—116,000 | AV39: 110,000—116,000 | AW39: 110,000—116,000 | AX39: 99,700—106,000 | AY39: 99,700—106,000 | AZ39: 99,700—106,000 | BA39: 99,700—106,000 | BB39: 99,700—106,000 | BC39: 110,000—116,000 | BD39: 110,000—116,000 | BE39: 110,000—116,000 | BF39: 110,000—116,000 | BG39: 100,600—106,800 | BH39: 100,600—106,800 | BI39: 100,600—106,800 | BJ39: 100,600—106,800 | BK39: 100,600—106,800 | BL39: 94,000—100,200 | BM39: 94,000—100,200 | BN39: 94,000—100,200 | BO39: 94,000—100,200 | BP39: 96,300—102,200 | BQ39: 96,300—102,200 | BR39: 96,300—102,200 | BS39: 96,300—102,200 | BT39: 98,500—104,400 | BU39: 98,500—104,400 | BV39: 98,500—104,400 | BW39: 98,500—104,400 | BX39: — | BY39: 119,500—125,500 | BZ39: 119,500—125,500 | CA39: 119,500—125,500 | CB39: 116,000—122,200 | CC39: 116,000—122,200 | CD39: 116,000—122,200 | CE39: 116,000—122,200 | CF39: 119,300—125,500 | CG39: 119,300—125,500 | CH39: 119,300—125,500 | CI39: 119,300—125,500 | CJ39: 119,300—125,500 | CK39: 110,000—110,500 | CL39: 110,000—110,500 | CM39: 110,000—112,000 | CN39: 110,000—112,000 | CO39: 110,000—112,000 | CP39: 110,000—112,000 | CQ39: 95000 | CR39: 95000 | CS39: 88,000—94,000 | CT39: 88,000—94,000 | CU39: 86000 | CV39: 86000 | CW39: 86000 | CX39: 79000 | CY39: 79000 | CZ39: 79000 | DA39: 79000 | DB39: 60000 | DC39: 60000 | DD39: 60000 | DE39: 60000 | DF39: 38,000—40,000 | DG39: 38,000—40,000 | DH39: 38,000—40,000 | DI39: 38,000—40,000 | DJ39: 38,000—40,000 | DK39: 38,000—40,000 | DL39: 35,000—38,000 | DM39: 35,000—38,000 | DN39: 35,000—38,000 | DO39: 35,000—38,000 | DP39: 35,000—38,000 | DQ39: 35,000—38,000 | DR39: 35,000—38,000 | DS39: 40,000—42,000 | DT39: 40,000—42,000 | DU39: 40,000—42,000 | DV39: 40,000—42,000 | DW39: 40000 | DX39: 30,000—38,000 | DY39: 30,000—38,000 | DZ39: 30,000—38,000 | EA39: 29,000—36,000 | EB39: 26,000—36,000 | EC39: 26,000—36,000 | ED39: 26,000—36,000 | EE39: 26,000—36,000 | EF39: 26,000—36,000 | EG39: 26,000—36,000 | EH39: 26,000—36,000 | EI39: 26,000—36,000 | EJ39: 34,000—44,000 | EK39: 34,000—44,000 | EL39: 34,000—44,000 | EM39: 42,000—52,000 | EN39: 75,000—95,000 | EO39: 68,000—95,000 | EP39: 68,000—95,000 | EQ39: 68,000—95,000 | ER39: — | ES39: 128,000—130,000 | ET39: 85,000—125,000 | EU39: 85,000—125,000 | EV39: 85,000—125,000 | EW39: 78,000—100,000 | EX39: 80,000—98,000 | EY39: 80,000—98,000 | EZ39: 76,000—98,000 | FA39: 75,000—90,000 | FB39: 70,000—80,000 | FC39: 70,000—80,000 | FD39: 70,000—80,000 | FE39: 70,000—80,000 | FF39: 65,000—80,000 | FG39: 65,000—73,000 | FH39: 65,000—73,000 | FI39: 65,000—73,000 | FJ39: 65,000—73,000 | FK39: 65,000—70,000 | FL39: 65,000—70,000 | FM39: 65,000—70,000 | FN39: 65,000—70,000 | FO39: 50,000—70,000 | FP39: 60,000—70,000 | FQ39: 60,000—70,000 | FR39: 60,000—70,000 | FS39: 60,000—70,000 | FT39: 68,000—74,000 | FU39: 74,000—80,000 | FV39: 68,000—80,000 | FW39: 68,000—80,000 | FX39: 70,000—80,000 | FY39: 70,000—80,500 | FZ39: 70,000—80,500 | GA39: 63,000—80,500 | GB39: 63,000—80,500 | GC39: 70,000—80,500 | GD39: 76,000—82,500 | GE39: 78,000—85,000 | GF39: 78,000—85,000 | GG39: 75,000—80,000 | GH39: 75,000—80,000 | GI39: 86,000—103,000 | GJ39: 86,000—110,000 | GK39: 95,000—110,000 | GL39: 95,000—102,000 | GM39: 95,000—102,000 | GN39: 91,000—105,000 | GO39: 91,000—105,000 | GP39: 95,000—110,000 | GQ39: 95,000—110,000 | GR39: 95,000—113,000 | GS39: 97,000—105,000 | GT39: 97,000—110,000 | GU39: 95,000—112,000 | GV39: 95,000—112,000 | GW39: 101,000—112,000 | GX39: 101,000—112,000 | GY39: 100,000—112,000 | GZ39: 100,000—112,000 | HA39: 100,000—112,000 | HB39: 103,000—121,000 | HC39: 105,000—117,000 | HD39: 105,000—117,000 | HE39: 105,000—115,000 | HF39: 103,000—112,000 | HG39: 103,000—115,000 | HH39: 102,000—115,000 | HI39: 101,000—105,000 | HJ39: 99,000—105,000 | HK39: 99,000—105,000 | HL39: 99,000—105,000 | HM39: 97,000—105,000 | HN39: 95,000—97,000 | HO39: 93,000—95,000 | HP39: 90,000—95,000 | HQ39: 89,000—95,000 | HR39: 81,000—89,000 | HS39: 71,000—82,500 | HT39: 63,000—72,000 | HU39: 65,000—70,000 | HV39: 65,000—70,000 | HW39: 65,000—70,000 | HX39: 65,000—70,000 | HY39: 67,000—70,000 | HZ39: 67,000—70,000 | IA39: 72,000—74,000 | IB39: 72,000—76,000 | IC39: 74,000—77,500 | ID39: 73,375—78,500 | IE39: 75,000—84,000 | IF39: 77,000—86,000 | IG39: 84,600—85,500 | IH39: 84,600—86,500 | II39: 84,600—86,500 | IJ39: 86,500—89,000 | IK39: 78,000—82,000 | IL39: 78,000—82,000 | IM39: 78,000—82,000 | IN39: 72,000—72,500 | IO39: 64,000—66,000 | IP39: 64,000—66,000 | IQ39: 62,000—63,000 | IR39: 62,000—64,500 | IS39: 62,000—64,500 | IT39: 62,000—64,500 | IU39: 62,000—63,000 | IV39: 65,000—66,740 | IW39: 72,500—73,000 | IX39: 76,000—78,300 | IY39: 73,500—77,200 | IZ39: 73,500—77,200 | JA39: — | JB39: 81,500—81,800 | JC39: 82,000—82,500 | JD39: 82,100—82,500 | JE39: 82,100—82,500 | JF39: 82,100—82,500 | JG39: 82,100—82,500 | JH39: 82,100—82,650 | JI39: 82,100—82,650 | JJ39: 82,100—82,650 | JK39: 82,400—83,300 | JL39: 82,400—83,700 | JM39: 82,400—83,700 | JN39: 82,400—83,700 | JO39: 82,400—83,700 | JP39: 82,400—83,700 | JQ39: 82,400—83,700 | JR39: 78,000—83,700 | JS39: 78,000—83,700 | JT39: — | JU39: 73,000—80,000 | JV39: 73,000—80,000 | JW39: 73,000—80,000 | JX39: 69,000—73,000 | JY39: 69,000—73,000 | JZ39: 69,000—73,000 | KA39: 69,000—73,000 | KB39: 69,000—73,000 | KC39: 69,000—73,000 | KD39: 72,450—76,650 | KE39: 72,450—76,650 | KF39: 76,000—78,000 | KG39: 80,000—80,500 | KH39: 80,000—80,500 | KI39: 80,000—80,500 | KJ39: 80,000—80,500 | KK39: 90000 | KL39: 90000 | KM39: 90000 | KN39: 87,500—88,000 | KO39: 90,000—90,500
B40: 39 | C40: Acetone FCA VFD | Y40: — | Z40: 85,000—90,000 | AA40: 85,000—90,000 | AB40: 85,000—90,000 | AC40: 85,000—90,000 | AD40: 78,000—88,000 | AE40: 78,000—88,000 | AF40: 78,000—88,000 | AG40: 107,000—115,000 | AH40: 107,000—115,000 | AI40: 107,000—115,000 | AJ40: 107,000—115,000 | AK40: 110,000—115,000 | AL40: 110,000—115,000 | AM40: 110,000—115,000 | AN40: 110,000—115,000 | AO40: 110,000—115,000 | AP40: — | AQ40: 102,000—108,000 | AR40: 102,000—108,000 | AS40: 102,000—108,000 | AT40: 93,000—98,000 | AU40: 93,000—98,000 | AV40: 93,000—98,000 | AW40: 93,000—98,000 | AX40: 74,000—78,000 | AY40: 69,000—72,000 | AZ40: 69,000—72,000 | BA40: 69,000—72,000 | BB40: 69,000—72,000 | BC40: 62,000—66,000 | BD40: 58,000—66,000 | BE40: 58,000—66,000 | BF40: 58,000—66,000 | BG40: 49,000—66,000 | BH40: 51,000—57,000 | BI40: 51,000—57,000 | BJ40: 51,000—57,000 | BK40: 62,100—74,400 | BL40: 62,100—74,400 | BM40: 74,400—75,400 | BN40: 74,400—75,400 | BO40: 74,400—75,400 | BP40: 73,000—80,000 | BQ40: 83,000—90,000 | BR40: 83,000—90,000 | BS40: 83,000—90,000 | BT40: 88,000—90,000 | BU40: 78,000—90,000 | BV40: 76,000—85,000 | BW40: 76,000—85,000 | BX40: — | BY40: 75,000—80,000 | BZ40: 75,000—80,000 | CA40: 75,000—80,000 | CB40: 75,000—80,000 | CC40: 75,000—80,000 | CD40: 75,000—80,000 | CE40: 75,000—80,000 | CF40: 78,000—82,000 | CG40: 78,000—82,000 | CH40: 78,000—82,000 | CI40: 78,000—82,000 | CJ40: 78,000—82,000 | CK40: 75,000—78,000 | CL40: 75,000—78,000 | CM40: 70,000—72,000 | CN40: 70,000—72,000 | CO40: 70,000—73,000 | CP40: 70,000—72,000 | CQ40: 68,000—70,000 | CR40: 68,000—70,000 | CS40: 60,000—63,000 | CT40: 58,000—62,000 | CU40: 58,000—62,000 | CV40: 58,000—62,000 | CW40: 58,000—62,000 | CX40: 52,000—57,000 | CY40: 52,000—57,000 | CZ40: 52,000—57,000 | DA40: 52,000—57,000 | DB40: 42,000—45,000 | DC40: 40,000—45,000 | DD40: 40,000—45,000 | DE40: 40,000—45,000 | DF40: 36,000—38,000 | DG40: 36,000—38,000 | DH40: 36,000—40,000 | DI40: 36,000—40,000 | DJ40: 36,000—40,000 | DK40: 35,000—40,000 | DL40: 35,000—40,000 | DM40: 35,000—40,000 | DN40: 35,000—40,000 | DO40: 54,000—56,000 | DP40: 54,000—56,000 | DQ40: 54,000—56,000 | DR40: 54,000—56,000 | DS40: 55,000—62,000 | DT40: 45,000—55,000 | DU40: 45,000—55,000 | DV40: 45,000—53,000 | DW40: 45,000—49,000 | DX40: 39,000—46,000 | DY40: 39,000—46,000 | DZ40: 39,000—46,000 | EA40: 38,000—48,000 | EB40: 38,000—48,000 | EC40: 38,000—50,000 | ED40: 38,000—50,000 | EE40: 40,000—50,000 | EF40: 40,000—50,000 | EG40: 40,000—50,000 | EH40: 40,000—50,000 | EI40: 40,000—50,000 | EJ40: 43,000—52,000 | EK40: 43,000—52,000 | EL40: 43,000—52,000 | EM40: 43,000—55,000 | EN40: 52,000—57,500 | EO40: 49,000—59,000 | EP40: 49,000—59,000 | EQ40: 49,000—59,000 | ER40: — | ES40: 59,000—67,000 | ET40: 59,000—67,000 | EU40: 59,000—67,000 | EV40: 52,000—63,000 | EW40: 52,000—63,000 | EX40: 52,000—60,000 | EY40: 52,000—60,000 | EZ40: 52,000—63,000 | FA40: 52,000—63,000 | FB40: 50,000—60,000 | FC40: 50,000—60,000 | FD40: 49,000—58,000 | FE40: 49,000—58,000 | FF40: 49,000—58,000 | FG40: 60,000—70,000 | FH40: 49,000—65,700 | FI40: 49,000—65,700 | FJ40: 77,800—106,900 | FK40: 77,800—106,900 | FL40: 90,000—106,000 | FM40: 90,000—106,000 | FN40: 90,000—106,000 | FO40: 90,000—105,000 | FP40: 85,000—96,000 | FQ40: 84,000—95,000 | FR40: 84,000—96,000 | FS40: 80,000—88,000 | FT40: 80,000—96,000 | FU40: 80,000—96,000 | FV40: 80,000—96,000 | FW40: 80,000—85,000 | FX40: 80,000—90,000 | FY40: 76,000—83,000 | FZ40: 76,000—85,000 | GA40: 85,000—94,000 | GB40: 85,000—94,000 | GC40: 85,000—94,000 | GD40: 82,000—94,000 | GE40: 76,000—92,400 | GF40: 76,000—92,400 | GG40: 76,000—92,400 | GH40: 76,000—92,400 | GI40: 85,000—100,000 | GJ40: 92,400—103,000 | GK40: 88,500—113,000 | GL40: 100,000—125,000 | GM40: 120,000—125,000 | GN40: 117,000—120,000 | GO40: 117,000—120,000 | GP40: 117,000—120,000 | GQ40: 104,000—120,000 | GR40: 108,000—120,000 | GS40: 95,000—120,000 | GT40: 90,000—120,000 | GU40: 90,000—120,000 | GV40: 92,000—96,000 | GW40: 95,000—105,000 | GX40: 91,000—105,000 | GY40: 91,000—105,000 | GZ40: 91,000—105,000 | HA40: 91,000—105,000 | HB40: 110,000—126,500 | HC40: 117,000—125,500 | HD40: 112,000—125,000 | HE40: 106,000—122,000 | HF40: 104,000—122,000 | HG40: 103,000—115,000 | HH40: 101,000—115,000 | HI40: 100,250—105,000 | HJ40: 95,000—105,000 | HK40: 95,000—105,000 | HL40: 100,200—105,000 | HM40: 99,000—100,500 | HN40: 99,000—100,000 | HO40: 97,000—100,000 | HP40: 93,500—100,000 | HQ40: 88,000—100,000 | HR40: 83,000—100,000 | HS40: 81,000—84,500 | HT40: 78,000—82,000 | HU40: 80,000—82,000 | HV40: 80,000—82,000 | HW40: 81,000—87,100 | HX40: 81,000—87,000 | HY40: 87,000—88,000 | HZ40: 88,000—94,200 | IA40: 88,000—94,200 | IB40: 91,000—96,000 | IC40: 93,000—97,000 | ID40: 94,000—98,000 | IE40: 85,000—87,000 | IF40: 77,000—81,000 | IG40: 74,000—79,000 | IH40: 74,000—79,000 | II40: 72,500—74,000 | IJ40: 69,000—71,000 | IK40: 65,000—67,000 | IL40: 56,000—70,000 | IM40: 56,000—70,000 | IN40: 53,500—58,000 | IO40: 50,000—57,000 | IP40: 50,000—53,000 | IQ40: 36,000—43,500 | IR40: 32,000—40,000 | IS40: 32,000—40,000 | IT40: 32,000—40,000 | IU40: 40,000—50,500 | IV40: 42,000—77,500 | IW40: 82,000—90,000 | IX40: 83,000—92,000 | IY40: 83,700—90,500 | IZ40: 83,700—88,000 | JA40: 80,000—89,000 | JB40: 83,000—84,000 | JC40: 80,000—84,000 | JD40: 75,000—76,900 | JE40: 69,000—72,000 | JF40: 69,000—72,000 | JG40: 72,000—73,000 | JH40: 70,000—77,800 | JI40: 70,000—77,800 | JJ40: 74,700—76,400 | JK40: 76,400—82,900 | JL40: 74,000—82,900 | JM40: 71,000—82,500 | JN40: 67,000—75,000 | JO40: 66,000—72,000 | JP40: 63,000—68,000 | JQ40: 50,000—58,000 | JR40: 44,000—50,600 | JS40: 36,300—40,000 | JT40: — | JU40: 40,000—60,000 | JV40: 40,500—47,700 | JW40: 40,500—47,700 | JX40: 44,000—47,000 | JY40: 45,500—47,000 | JZ40: 45,500—46,500 | KA40: 45,000—45,500 | KB40: 45,000—45,500 | KC40: 45,000—45,500 | KD40: 44,000—45,500 | KE40: 44,000—45,500 | KF40: 44,000—45,500 | KG40: 44,000—45,500 | KH40: 45,000—50,600 | KI40: 70,800—74,000 | KJ40: 73,000—74,000 | KK40: 73,000—75,000 | KL40: 73,000—75,000 | KM40: 73,000—75,000 | KN40: 73,000—75,000 | KO40: 73,000—75,000
B41: 40 | C41: EUR/USD | D41: 0.84 | E41: 0.85 | F41: 0.84 | G41: 0.85 | H41: 0.84 | I41: 0.85 | J41: 0.84 | K41: 0.86 | L41: 0.85 | M41: 0.85 | N41: 0.85 | O41: 0.85 | P41: 0.86 | Q41: 0.85 | R41: 0.85 | S41: 0.84 | T41: 0.84 | U41: 0.82 | V41: 0.83 | W41: 0.82 | X41: 0.82 | Y41: 0.82 | Z41: 0.82 | AA41: 0.82 | AB41: 0.82 | AC41: 0.83 | AD41: 0.83 | AE41: 0.83 | AF41: 0.82 | AG41: 0.83 | AH41: 0.84 | AI41: 0.84 | AJ41: 0.85 | AK41: 0.85 | AL41: 0.84 | AM41: 0.83 | AN41: 0.83 | AO41: 0.83 | AP41: 0.83 | AQ41: 0.83 | AR41: 0.82 | AS41: 0.82 | AT41: 0.82 | AU41: 0.82 | AV41: 0.84 | AW41: 0.84 | AX41: 0.84 | AY41: 0.85 | AZ41: 0.85 | BA41: 0.85 | BB41: 0.84 | BC41: 0.84 | BD41: 0.85 | BE41: 0.86 | BF41: 0.85 | BG41: 0.84 | BH41: 0.84 | BI41: 0.85 | BJ41: 0.85 | BK41: 0.86 | BL41: 0.87 | BM41: 0.86 | BN41: 0.86 | BO41: 0.86 | BP41: 0.87 | BQ41: 0.87 | BR41: 0.88 | BS41: 0.89 | BT41: 0.88 | BU41: 0.88 | BV41: 0.88 | BW41: 0.88 | BX41: 0.88 | BY41: 0.87 | BZ41: 0.88 | CA41: 0.89 | CB41: 0.89 | CC41: 0.87 | CD41: 0.88 | CE41: 0.89 | CF41: 0.9 | CG41: 0.91 | CH41: 0.9 | CI41: 0.91 | CJ41: 0.9 | CK41: 0.92 | CL41: 0.92 | CM41: 0.92 | CN41: 0.95 | CO41: 0.94 | CP41: 0.96 | CQ41: 0.95 | CR41: 0.94 | CS41: 0.93 | CT41: 0.93 | CU41: 0.96 | CV41: 0.95 | CW41: 0.96 | CX41: 0.98 | CY41: 1 | CZ41: 0.98 | DA41: 0.99 | DB41: 0.98 | DC41: 0.97 | DD41: 0.98 | DE41: 1 | DF41: 1 | DG41: 1 | DH41: 1 | DI41: 1.02 | DJ41: 1.02 | DK41: 1.02 | DL41: 1.03 | DM41: 1.02 | DN41: 1 | DO41: 1.03 | DP41: 0.98 | DQ41: 0.96 | DR41: 0.96 | DS41: 0.96 | DT41: 0.95 | DU41: 0.94 | DV41: 0.94 | DW41: 0.95 | DX41: 0.93 | DY41: 0.92 | DZ41: 0.92 | EA41: 0.91 | EB41: 0.93 | EC41: 0.93 | ED41: 0.94 | EE41: 0.94 | EF41: 0.95 | EG41: 0.94 | EH41: 0.92 | EI41: 0.92 | EJ41: 0.92 | EK41: 0.91 | EL41: 0.91 | EM41: 0.9 | EN41: 0.9 | EO41: 0.91 | EP41: 0.92 | EQ41: 0.93 | ER41: 0.93 | ES41: 0.93 | ET41: 0.92 | EU41: 0.91 | EV41: 0.91 | EW41: 0.92 | EX41: 0.89 | EY41: 0.89 | EZ41: 0.9 | FA41: 0.91 | FB41: 0.91 | FC41: 0.92 | FD41: 0.92 | FE41: 0.92 | FF41: 0.93 | FG41: 0.93 | FH41: 0.94 | FI41: 0.95 | FJ41: 0.95 | FK41: 0.94 | FL41: 0.95 | FM41: 0.95 | FN41: 0.94 | FO41: 0.93 | FP41: 0.92 | FQ41: 0.92 | FR41: 0.91 | FS41: 0.93 | FT41: 0.92 | FU41: 0.91 | FV41: 0.91 | FW41: 0.91 | FX41: 0.92 | FY41: 0.92 | FZ41: 0.93 | GA41: 0.93 | GB41: 0.93 | GC41: 0.92 | GD41: 0.92 | GE41: 0.92 | GF41: 0.92 | GG41: 0.92 | GH41: 0.93 | GI41: 0.92 | GJ41: 0.93 | GK41: 0.94 | GL41: 0.93 | GM41: 0.93 | GN41: 0.93 | GO41: 0.92 | GP41: 0.92 | GQ41: 0.92 | GR41: 0.92 | GS41: 0.93 | GT41: 0.93 | GU41: 0.93 | GV41: 0.93 | GW41: 0.92 | GX41: 0.91 | GY41: 0.92 | GZ41: 0.93 | HA41: 0.92 | HB41: 0.91 | HC41: 0.9 | HD41: 0.9 | HE41: 0.9 | HF41: 0.91 | HG41: 0.9 | HH41: 0.9 | HI41: 0.91 | HJ41: 0.91 | HK41: 0.92 | HL41: 0.93 | HM41: 0.92 | HN41: 0.93 | HO41: 0.95 | HP41: 0.95 | HQ41: 0.95 | HR41: 0.95 | HS41: 0.95 | HT41: 0.96 | HU41: 0.97 | HV41: 0.97 | HW41: 0.96 | HX41: 0.96 | HY41: 0.96 | HZ41: 0.96 | IA41: 0.96 | IB41: 0.95 | IC41: 0.93 | ID41: 0.92 | IE41: 0.92 | IF41: 0.93 | IG41: 0.9 | IH41: 0.9 | II41: 0.88 | IJ41: 0.88 | IK41: 0.88 | IL41: 0.89 | IM41: 0.89 | IN41: 0.88 | IO41: 0.89 | IP41: 0.88 | IQ41: 0.87 | IR41: 0.87 | IS41: 0.85 | IT41: 0.85 | IU41: 0.85 | IV41: 0.86 | IW41: 0.85 | IX41: 0.87 | IY41: 0.86 | IZ41: 0.86 | JA41: 0.86 | JB41: 0.86 | JC41: 0.86 | JD41: 0.86 | JE41: 0.84 | JF41: 0.85 | JG41: 0.85 | JH41: 0.86 | JI41: 0.86 | JJ41: 0.86 | JK41: 0.86 | JL41: 0.87 | JM41: 0.86 | JN41: 0.87 | JO41: 0.86 | JP41: 0.86 | JQ41: 0.85 | JR41: 0.85 | JS41: 0.85 | JT41: 0.86 | JU41: 0.86 | JV41: 0.86 | JW41: 0.84 | JX41: 0.85 | JY41: 0.84 | JZ41: 0.85 | KA41: 0.85 | KB41: 0.86 | KC41: 0.87 | KD41: 0.87 | KE41: 0.87 | KF41: 0.87 | KG41: 0.86 | KH41: 0.85 | KI41: 0.85 | KJ41: 0.85 | KK41: 0.85 | KL41: 0.85 | KM41: 0.86 | KN41: 0.86 | KO41: 0.86

Sheet calc_MCP
D1: 2020 | E1: 2020 | F1: =Database!Y1 -> 2021 | G1: =Database!Z1 -> 2021 | H1: =Database!AA1 -> 2021 | I1: =Database!AB1 -> 2021 | J1: =Database!AC1 -> 2021 | K1: =Database!AD1 -> 2021 | L1: =Database!AE1 -> 2021 | M1: =Database!AF1 -> 2021 | ... XEK1: =Database!XFD1 -> 0
B2: 1 | D2: =LEFT(Database!W2,3) -> Dec | E2: =LEFT(Database!X2,3) -> Dec | F2: =LEFT(Database!Y2,3) -> Jan | G2: =LEFT(Database!Z2,3) -> Jan | H2: =LEFT(Database!AA2,3) -> Jan | I2: =LEFT(Database!AB2,3) -> Jan | J2: =LEFT(Database!AC2,3) -> Feb | K2: =LEFT(Database!AD2,3) -> Feb | ... XEK2: =LEFT(Database!XFD2,3)
B3: 2 | C3: Propylene contract FD NWE | D3: =Database!W5 -> 735 | E3: =Database!X5 -> 735 | F3: =Database!Y5 -> 800 | G3: =Database!Z5 -> 800 | H3: =Database!AA5 -> 800 | I3: =Database!AB5 -> 800 | J3: =Database!AC5 -> 885 | K3: =Database!AD5 -> 885 | ... XEK3: =Database!XFD5 -> 0
B4: 3 | C4: Butadiene contract FOB US Gulf, ¢/lb | D4: =Database!W28 -> 0 | E4: =Database!X28 -> 0 | F4: =Database!Y28 -> 48.75 | G4: =Database!Z28 -> 48.75 | H4: =Database!AA28 -> 48.75 | I4: =Database!AB28 -> 48.75 | J4: =Database!AC28 -> 41.5 | K4: =Database!AD28 -> 41.5 | ... XEK4: =Database!XFD28 -> 0
B5: 4 | C5: Butadiene contractE FOB US Gulf, $/t | D5: =Database!W29 -> 0 | E5: =Database!X29 -> 0 | F5: =Database!Y29 -> 0 | G5: =Database!Z29 -> 0 | H5: =Database!AA29 -> 0 | I5: =Database!AB29 -> 0 | J5: =Database!AC29 -> 0 | K5: =Database!AD29 -> 0 | ... XEK5: =Database!XFD29 -> 0
